"gene","Th1","Th2","category","model"
"1110059E24Rik.1",0.504752095992845,0.598386923142803,"Th2like","Th1/2"
"1110067D22Rik",0.0900305689508019,0.894241429079452,"Th2like","Th1/2"
"1500005A01Rik",0.340463125425149,0.678140175339495,"Th2like","Th1/2"
"1500011H22Rik",-0.256066702799784,1.15753944104382,"Th2like","Th1/2"
"1500012F01Rik",0.759269842219472,0.31396457865634,"Ind","Th1/2"
"1500012F01Rik.1",0.930188394455473,0.189457523059747,"Ind","Th1/2"
"1500019G21Rik",0.300845897424059,0.597806077114079,"Th2like","Th1/2"
"1600014C10Rik.1",0.589748595243279,0.387881299193182,"Ind","Th1/2"
"1700019D03Rik",0.790173068742483,-0.476189629741192,"Th1like","Th1/2"
"1700019E19Rik",0.15035701027325,0.882159450198411,"Th2like","Th1/2"
"1700025G04Rik",0.258986140662076,0.667609737979993,"Th2like","Th1/2"
"1700025K23Rik",-0.0113760750355036,0.888485673999808,"Th2like","Th1/2"
"1700102P08Rik",1.42369654874458,-0.368289572101563,"Ind","Th1/2"
"1700113I22Rik",0.787564886476074,0.0182555240004444,"Ind","Th1/2"
"1700113I22Rik.1",0.764881899922115,-0.121675409362223,"Ind","Th1/2"
"2010001M09Rik",0.212852114395698,0.974652541827623,"Th2like","Th1/2"
"2210012G02Rik.2",0.390040147435516,0.510067413643616,"Ind","Th1/2"
"2310004I24Rik",0.15952296045725,0.576186660903632,"Ind","Th1/2"
"2310016C08Rik",0.100968560692808,0.749246418185401,"Th2like","Th1/2"
"2310016E02Rik",0.13777631620117,0.766882512054028,"Th2like","Th1/2"
"2310022B05Rik",0.0737040511964462,0.776381894605437,"Th2like","Th1/2"
"2410008K03Rik",-0.586309500547014,1.5479371873353,"Th2like","Th1/2"
"2410022L05Rik",1.0294039332657,0.361478178327037,"Th1like","Th1/2"
"2410091C18Rik.1",0.370424272637846,0.448416362078413,"Ind","Th1/2"
"2510009E07Rik",0.184608841050001,0.744152126206087,"Th2like","Th1/2"
"2510009E07Rik.2",0.376095559508768,0.630772598829856,"Superpos","Th1/2"
"2610027C15Rik.1",0.453608791658325,0.562272285121562,"Th2like","Th1/2"
"2610207I05Rik.1",0.289659927431298,0.678238790831817,"Th2like","Th1/2"
"2810474O19Rik",0.272113269545946,0.804527569198933,"Ind","Th1/2"
"4631427C17Rik",0.530463004451432,0.706481304163696,"Th2like","Th1/2"
"4831426I19Rik.1",-0.309573454015374,0.997156290152601,"Ind","Th1/2"
"4930539E08Rik",0.320701696466893,0.651818749918682,"Superpos","Th1/2"
"4930570C03Rik",0.15928471531683,0.655432493270472,"Th2like","Th1/2"
"4931428F04Rik",0.166902581854787,0.968680452344896,"Th2like","Th1/2"
"4933426M11Rik",0.122446506673022,0.931307904424697,"Th2like","Th1/2"
"4933439C20Rik",0.0827745471719459,0.859294092237602,"Th2like","Th1/2"
"5730469M10Rik",0.311571551608862,0.732073055146383,"Th2like","Th1/2"
"5730469M10Rik.1",0.0341220563167277,0.851720609826141,"Th2like","Th1/2"
"6030408C04Rik.1",0.14224031840667,0.714442946434242,"Th2like","Th1/2"
"6430571L13Rik",1.17574977469725,0.374297386528767,"Superpos","Th1/2"
"6720463M24Rik",0.326777226459967,0.58406221315316,"Ind","Th1/2"
"9130211I03Rik",0.387871399734144,0.499670782763372,"Ind","Th1/2"
"9930104L06Rik",0.219109360916197,0.855321943275819,"Ind","Th1/2"
"9930111J21Rik",0.0020407407511973,0.798126823156084,"Th2like","Th1/2"
"a.1",0.532532102339553,0.625276646748877,"Superpos","Th1/2"
"A630077B13Rik",0.964367970427167,0.522595974959651,"Ind","Th1/2"
"AA467197",0.317671939723845,0.468920461663001,"Ind","Th1/2"
"Abhd14b",0.253973108156469,0.899734823285137,"Th2like","Th1/2"
"Abhd4",-0.415936302810007,1.17492662943171,"Th2like","Th1/2"
"Abtb1",0.182885662497488,0.87386951190987,"Th2like","Th1/2"
"Acsl6",0.492349425132934,-0.162921751217224,"Ind","Th1/2"
"Acsl6.2",0.391381394024014,-0.0854370146739952,"Ind","Th1/2"
"Acss1",0.240406535519003,0.878724724021688,"Th2like","Th1/2"
"Actr3b",0.744488845251594,0.212759847177125,"Ind","Th1/2"
"Actr3b.1",-0.241633276924891,0.761315946655083,"Ind","Th1/2"
"Acvr2b",0.0902887592693963,0.730469714522559,"Th2like","Th1/2"
"Adam15.1",0.0908623234671268,0.971305373894922,"Th2like","Th1/2"
"Adamtsl4",0.0163879893938684,1.05808781560555,"Th2like","Th1/2"
"Adar",0.128540116723564,0.408959670087976,"Ind","Th1/2"
"Adh4",0.01734786952409,0.976126095486871,"Th2like","Th1/2"
"Adora2b",0.426287746819858,0.283633263385745,"Ind","Th1/2"
"Adora3.1",-0.10611756763442,0.427573712970605,"Th2like","Th1/2"
"Aff4",0.748261114051523,0.220138002352528,"Th1like","Th1/2"
"Agl.1",0.223602263424032,0.869199965984748,"Th2like","Th1/2"
"Agrn",0.641537553479693,0.0597076738186922,"Th1like","Th1/2"
"AI451557",0.365072661487496,0.458865790801737,"Th2like","Th1/2"
"AI451617",-0.0862734932951493,-0.485381276613396,"Ind","Th1/2"
"Aifm2.3",0.105929339051638,0.782693026431002,"Th2like","Th1/2"
"Akap7",0.228780576476106,0.750434228260151,"Th2like","Th1/2"
"Akr1b3",-0.205754063472036,1.0016990049918,"Th2like","Th1/2"
"Akr1c18",0.00174182233233748,0.945106431513199,"Th2like","Th1/2"
"Aldoc",0.317963455864935,0.68549799555458,"Th2like","Th1/2"
"Amica1",0.234021645674269,0.92235690761287,"Ind","Th1/2"
"Amigo2",0.318885928020941,0.770285887035151,"Th2like","Th1/2"
"Angel2",0.372315233653621,0.72570636895305,"Th2like","Th1/2"
"Ankrd12.2",0.346467521765364,0.773387540532324,"Th2like","Th1/2"
"Ankrd37",-0.0114572870845752,0.748255718704719,"Th2like","Th1/2"
"Anp32e",0.373280902774899,0.463595078545685,"Th2like","Th1/2"
"Antxr2",0.433094871357713,0.769211725161275,"Th2like","Th1/2"
"Anxa9",0.153498829941676,1.07286513092637,"Th2like","Th1/2"
"Apbb1ip",-0.698784950258583,1.37894820605248,"Th2like","Th1/2"
"Aqp9",0.501335122308851,0.756518885317405,"Superpos","Th1/2"
"Arbp",0.48699757174592,0.577781264115141,"Th2like","Th1/2"
"Arhgap18",0.125323200203665,0.997301260115864,"Th2like","Th1/2"
"Arhgdig",0.069177351656654,1.07740446172793,"Th2like","Th1/2"
"Arhgdig.1",0.26784767597537,0.8721876394248,"Th2like","Th1/2"
"Arl6",-0.209668306771198,1.18836711318497,"Th2like","Th1/2"
"Armc3.1",0.0183906830773368,0.934529932268915,"Th2like","Th1/2"
"Armcx1",0.553964412585568,0.41612166642668,"Th2like","Th1/2"
"Armcx3",0.373913431877655,0.677331782863589,"Th2like","Th1/2"
"Armcx6",0.262096009474275,0.830351690422544,"Th2like","Th1/2"
"Armcx6.1",0.549370402458158,0.502943341800697,"Th2like","Th1/2"
"Asah2",0.178370923581067,0.85452838216313,"Th2like","Th1/2"
"Asb13.1",0.279622243271397,0.639352467115852,"Th2like","Th1/2"
"Asb2",-0.215709609589058,1.07920273321758,"Th2like","Th1/2"
"Atg2a.1",-0.0454389917271998,1.15308392675938,"Th2like","Th1/2"
"Atp10a",-0.234601872469413,0.969853060501135,"Th2like","Th1/2"
"Atp10d",0.220785976720501,0.746398429692417,"Th2like","Th1/2"
"Atp8b4",0.371279969112686,0.865658334207891,"Th2like","Th1/2"
"Atxn7l1",0.180272141678267,0.855243526861781,"Th2like","Th1/2"
"Aven",-0.259811858539149,1.08642540135828,"Th2like","Th1/2"
"Axl",0.0375808882965423,0.759846044373152,"Th2like","Th1/2"
"B230342M21Rik",0.488717905206336,0.707199065261743,"Superpos","Th1/2"
"B3gnt5",0.452792769715906,0.647778845058882,"Th2like","Th1/2"
"B930041F14Rik",0.340223129038074,0.641563882266851,"Superpos","Th1/2"
"Batf",-0.153918587496279,0.996253782620367,"Th2like","Th1/2"
"Batf3",0.675112187678034,0.267116854930609,"Ind","Th1/2"
"Bbs12",0.523162667681964,0.370543917945821,"Ind","Th1/2"
"BC006779",0.2180946394783,0.603005021563586,"Th2like","Th1/2"
"BC016495",0.190934157781118,0.80558177431921,"Th2like","Th1/2"
"BC038156",0.370022434786476,0.607396862741073,"Th2like","Th1/2"
"BC057079",-0.0738083140453535,1.00935131894982,"Th2like","Th1/2"
"BC094916",0.0728725266716408,0.930493524493036,"Th2like","Th1/2"
"BC094916.1",0.270792809971311,0.812303947758354,"Superpos","Th1/2"
"Bcl2.1",0.318557644305895,0.59682048653907,"Th2like","Th1/2"
"Bmpr1a",0.100796061303,0.850862616794807,"Th2like","Th1/2"
"Bmpr1a.1",0.916139772559107,0.424631919284066,"Ind","Th1/2"
"Brp16.1",0.553310403795014,0.425803929106652,"Th2like","Th1/2"
"Bst2",0.310651641992574,0.247547415092311,"Ind","Th1/2"
"Btk",0.173087784694394,0.935462850711447,"Th2like","Th1/2"
"Btla",0.0493067843960762,0.967654395752562,"Th2like","Th1/2"
"Bzrap1",0.663190577316182,0.42597551114241,"Superpos","Th1/2"
"Bzw2",0.339971279860804,0.659802398803272,"Th2like","Th1/2"
"C030048B08Rik",0.222728976617999,0.659190433436009,"Th2like","Th1/2"
"C030048B08Rik.1",0.304034949029094,0.676971850535396,"Ind","Th1/2"
"C1qdc2",0.207583935704224,0.723493164834769,"Th2like","Th1/2"
"C730027P07Rik",-1.95553062574544,0.833293334007359,"Th2like","Th1/2"
"Capsl",0.226556004231464,0.891741640668641,"Th2like","Th1/2"
"Car11",0.92422346599609,-0.00693752641444782,"Th1like","Th1/2"
"Car13",0.0102245524649133,1.05210674299706,"Th2like","Th1/2"
"Car5b",0.179743092746867,0.306996920934116,"Ind","Th1/2"
"Car5b.1",0.0526828150920393,0.332992005641988,"Th2like","Th1/2"
"Car5b.2",0.19342985586177,0.32902979345162,"Superpos","Th1/2"
"Casp1",0.480719857618829,0.733087703188607,"Superpos","Th1/2"
"Casp3",-0.0661265375115262,0.67936274797261,"Ind","Th1/2"
"Casp4.1",-0.284537785149557,1.92946217506622,"Th2like","Th1/2"
"Casp6",0.0499507954743937,1.28921495010493,"Th2like","Th1/2"
"Casp6.1",-0.100753607538413,1.43633322121955,"Th2like","Th1/2"
"Ccdc18.1",-0.0680682246829382,0.919964766509994,"Th2like","Th1/2"
"Ccdc28b",-0.379098252724037,0.700976415073239,"Th2like","Th1/2"
"Ccdc28b.1",0.112806802663187,0.436455977158118,"Ind","Th1/2"
"Ccdc50",0.141747847520821,0.728460894421144,"Ind","Th1/2"
"Ccdc50.1",-0.0805783566236955,0.922565036546919,"Th2like","Th1/2"
"Ccl3",0.0635604367042182,1.01542427821371,"Th2like","Th1/2"
"Ccl4.1",0.093097478209733,0.945146825531661,"Th2like","Th1/2"
"Ccl5",0.29396916604806,0.722604486162149,"Th2like","Th1/2"
"Ccr5",0.291251068977439,0.328682534157935,"Th1like","Th1/2"
"Ccr5.1",0.351332501610638,0.951380510183443,"Superpos","Th1/2"
"Ccr5.2",0.405294862263943,0.783239189253095,"Superpos","Th1/2"
"Ccrl2",0.126189405621616,0.691372373503699,"Th2like","Th1/2"
"Cd164",0.200462055458991,0.779518976513064,"Th2like","Th1/2"
"Cd1d1",0.442879252710359,0.679274075641118,"Superpos","Th1/2"
"Cd27",0.525368239232684,0.432074646277836,"Superpos","Th1/2"
"Cd27.1",0.699450469462537,0.224148939165554,"Ind","Th1/2"
"Cd27.2",0.585940238931066,0.339508520635338,"Superpos","Th1/2"
"Cd44.5",0.936983792402015,0.211588088737095,"Ind","Th1/2"
"Cd6.1",0.0246787061924182,0.6609818408994,"Th2like","Th1/2"
"Cd70",0.264018146007835,0.396190019656527,"Ind","Th1/2"
"Cd74",0.498334754960234,0.462033637895419,"Ind","Th1/2"
"Cd74.2",0.458769696839535,0.490606356964486,"Ind","Th1/2"
"Cd79b",0.662517340255919,0.221160018796268,"Ind","Th1/2"
"Cd79b.1",0.590451542665652,0.297095241137132,"Ind","Th1/2"
"Cd80",0.102694291278312,0.799330639509645,"Th2like","Th1/2"
"Cd86",-0.0751251852583382,1.0196566844204,"Th2like","Th1/2"
"Cd86.1",0.0202643860791591,1.02335428385316,"Th2like","Th1/2"
"Cd86.2",0.0352261433126792,0.956782072031218,"Th2like","Th1/2"
"Cdc42se1.1",0.283760632453952,0.819553587191841,"Th2like","Th1/2"
"Cdk6",-0.128442628211648,1.07971938945792,"Th2like","Th1/2"
"Cenpf",-0.31458575923035,1.09457849744712,"Th2like","Th1/2"
"Cep72",0.0771461116251916,0.767738019846519,"Th2like","Th1/2"
"Cercam",0.174779322309183,0.789554645713306,"Th2like","Th1/2"
"Cetn4.1",0.226995690152846,0.780638832526386,"Th2like","Th1/2"
"Ch25h",1.06089218313274,0.113886690260868,"Th1like","Th1/2"
"Chkb",0.426842455104756,0.575504905991704,"Ind","Th1/2"
"Chkb.1",0.569202524357879,0.407566818167784,"Th2like","Th1/2"
"Ckmt1",0.534360510960019,0.619423709162332,"Ind","Th1/2"
"Clcnkb",0.368040510733753,0.722055940704581,"Superpos","Th1/2"
"Clec2e",0.252201673549199,0.586511700744191,"Th2like","Th1/2"
"Clpx",-0.778083026988493,1.3473135138159,"Th2like","Th1/2"
"Cox17",0.323352002735577,0.43685159730841,"Ind","Th1/2"
"Cox4nb",0.610274712319812,0.489479645463857,"Th2like","Th1/2"
"Cox5b",0.66894779337863,0.157723744507868,"Ind","Th1/2"
"Cox6b2.1",1.03875870293705,0.433947723229383,"Superpos","Th1/2"
"Cox7a1",0.148500944767818,0.752830829852041,"Th2like","Th1/2"
"Cpne6",1.04428989877381,0.569800760255831,"Th2like","Th1/2"
"Crabp2",-0.233040592686907,1.18498732075723,"Th2like","Th1/2"
"Cryz",0.76978258789927,0.359575949924488,"Superpos","Th1/2"
"Cryz.1",0.275464175505111,0.664749368687134,"Th2like","Th1/2"
"Csnk1g2.2",0.245472859894054,0.691814930895714,"Th2like","Th1/2"
"Csprs",0.208342401688718,0.623261622561315,"Superpos","Th1/2"
"Cst7",-0.226440961396559,1.25291424017696,"Th2like","Th1/2"
"Ctso",0.292484593268218,0.760063617995829,"Th2like","Th1/2"
"Ctsw",0.471748993087784,0.471375703577406,"Superpos","Th1/2"
"Cuedc1",0.646087753190124,0.488592787871534,"Th2like","Th1/2"
"Cul7",0.49794856303884,0.503831718959978,"Ind","Th1/2"
"Cuzd1",1.68246286044819,0.24898052014323,"Ind","Th1/2"
"Cxcr3",0.710221004611559,-0.069250007597278,"Th1like","Th1/2"
"Cyb5",0.536628929770593,0.491618928458518,"Ind","Th1/2"
"Cyb5.1",0.172319995284805,0.769579999792054,"Th2like","Th1/2"
"Cyp11a1",0.967632863065266,0.809375343913885,"Th2like","Th1/2"
"Cyp2s1",0.341846164460116,0.622345682952419,"Th2like","Th1/2"
"D030074E01Rik",0.10314845896556,0.939123619744545,"Th2like","Th1/2"
"D0H4S114",0.0252264644373791,0.451244972791232,"Ind","Th1/2"
"D10Bwg1379e",-0.413016812592367,0.945033423988576,"Th2like","Th1/2"
"D10Ertd610e",0.273560913767712,0.897432126781726,"Th2like","Th1/2"
"D12Ertd553e",0.272165176542188,0.745776003202736,"Th2like","Th1/2"
"D14Ertd668e.1",-0.00159195105694997,0.888100981888163,"Th2like","Th1/2"
"D330045A20Rik",-0.313155327452279,0.533441266878305,"Th2like","Th1/2"
"D330045A20Rik.1",0.233877763717953,0.550199374218148,"Th2like","Th1/2"
"D330045A20Rik.2",0.801263278868702,0.477270802226206,"Th2like","Th1/2"
"Dapk2.1",0.432892738397496,0.827544291698934,"Superpos","Th1/2"
"Dbndd2.2",0.0187950187474084,0.805191809414367,"Th2like","Th1/2"
"Dcxr",0.846528362062232,0.290392402272103,"Ind","Th1/2"
"Dcxr.1",0.650604194812706,0.551255582375271,"Ind","Th1/2"
"Ddc",-0.0528307143453092,0.354690474153093,"Th2like","Th1/2"
"Ddx26b",0.461537245986634,0.338639316086038,"Th1like","Th1/2"
"Ddx58",0.29306463851303,0.79749114035309,"Superpos","Th1/2"
"Ddx60",0.0616744687021488,0.851056990954822,"Th2like","Th1/2"
"Dgcr6.1",0.352521698940434,0.781140612036913,"Th2like","Th1/2"
"Dhdh.1",-0.133927193376578,1.03745869778398,"Th2like","Th1/2"
"Dhx58",0.297335972413755,0.776457462924261,"Superpos","Th1/2"
"Dhx58.1",0.366818340844004,0.556826195538221,"Superpos","Th1/2"
"Dlk1.1",0.877282018167143,0.570645011629864,"Superpos","Th1/2"
"Dmwd",0.308092256002074,0.766503693694255,"Superpos","Th1/2"
"Dmwd.1",0.357359277901674,0.739181615501463,"Superpos","Th1/2"
"Dnalc1",0.283285965546983,0.520734636470299,"Th2like","Th1/2"
"Dnalc1.1",0.123521347599704,0.661885929610209,"Th2like","Th1/2"
"Dph3.2",0.562913405130831,0.56426317449924,"Th2like","Th1/2"
"Dtx3l",0.322815363908576,0.587723062250483,"Th2like","Th1/2"
"Dus4l",0.450178691958703,0.661249443941297,"Th2like","Th1/2"
"Dusp14",-0.0966187871852137,0.584572050066336,"Th2like","Th1/2"
"Dusp7",0.214391065303101,0.664171447794237,"Th2like","Th1/2"
"Dyrk1b.2",0.589889515121802,0.538926894632269,"Superpos","Th1/2"
"Ecm1",-0.176466301255296,1.11123856990822,"Th2like","Th1/2"
"Ecm1.1",0.102264085785586,0.955042746101675,"Th2like","Th1/2"
"Edem2.2",0.569690604010334,0.508435970310266,"Ind","Th1/2"
"Edem2.3",0.31814003821147,0.682122761206968,"Th2like","Th1/2"
"Edn1",-0.117993307238508,1.27170219142852,"Th2like","Th1/2"
"Efna5",-0.291332063405798,1.03777029530817,"Th2like","Th1/2"
"EG240327",0.575721391085089,0.555290026970638,"Th1like","Th1/2"
"EG330305",0.730963137907332,0.68550202419099,"Th2like","Th1/2"
"EG433923",0.368578870834176,0.57170343147618,"Ind","Th1/2"
"EG630499",0.640994408944514,0.269797867845843,"Ind","Th1/2"
"EG630499.1",0.939199613877281,0.148964152735974,"Ind","Th1/2"
"Ehd3",0.28012883354848,0.785631228915326,"Th2like","Th1/2"
"Eif2ak2",0.405900318897513,0.557431896434136,"Ind","Th1/2"
"Eif4enif1",0.701163223394874,0.559588994218004,"Ind","Th1/2"
"Eif4enif1.1",0.521129064101129,0.797464824631602,"Ind","Th1/2"
"Elmo2.2",0.175653879731527,0.852648298417944,"Ind","Th1/2"
"Emr1",0.264587919882192,0.75882783201953,"Th2like","Th1/2"
"Endod1",0.278339481440074,0.952867223594939,"Th2like","Th1/2"
"Enox2",0.539644632796967,0.511644408046994,"Superpos","Th1/2"
"Enpp4",0.306191903444096,0.762329899136261,"Th2like","Th1/2"
"Entpd4.1",0.0654076326618478,0.984656429161113,"Th2like","Th1/2"
"Eomes",0.126044096793634,1.05336491416844,"Th2like","Th1/2"
"Epm2aip1.3",0.605844005689381,0.27989183012752,"Ind","Th1/2"
"Eps8",0.771699674770592,0.014111173184424,"Th1like","Th1/2"
"Epsti1",0.149702655630175,0.74979782230856,"Th2like","Th1/2"
"Epsti1.2",0.185494968478863,0.808185582068622,"Th2like","Th1/2"
"Ercc2.1",0.774068127074344,0.267037368449262,"Ind","Th1/2"
"Ets1.1",0.407030203561812,0.663561586149842,"Ind","Th1/2"
"Etv6",0.253337158253634,0.963560865783614,"Th2like","Th1/2"
"Evi2a.1",-0.0872555492062485,0.926409774073253,"Ind","Th1/2"
"Exosc8",-0.209721387342141,1.10570616045599,"Th2like","Th1/2"
"F2rl2",-0.0780524121212785,0.871797518146229,"Th2like","Th1/2"
"Fah",0.173200521593897,0.737524644769177,"Ind","Th1/2"
"Fancl.1",0.12722676226003,0.901011807745596,"Ind","Th1/2"
"Fars2",1.26320942026059,-0.15584332277154,"Th1like","Th1/2"
"Fastkd1",1.13103732035043,0.00821301444460355,"Th1like","Th1/2"
"Fbxl12.1",0.230194724752063,0.706218168046069,"Th2like","Th1/2"
"Fbxl12.2",0.145749115764301,0.726157853688841,"Th2like","Th1/2"
"Fbxo2",0.0992380804825031,0.696646008266128,"Ind","Th1/2"
"Fbxo44",-0.0447509703665147,1.04528517835735,"Th2like","Th1/2"
"Fcer2a",0.849812549462246,0.540913710264158,"Ind","Th1/2"
"Fcrls",-0.573330279450733,1.51236930453576,"Th2like","Th1/2"
"Fes",0.68204268952695,0.464220289539127,"Th1like","Th1/2"
"Ffar2",1.18671939857406,0.165859527561383,"Th1like","Th1/2"
"Fgf2",0.867593800164198,0.1604855736347,"Ind","Th1/2"
"Fgl2",0.242907216793994,-0.768159126870669,"Ind","Th1/2"
"Fhit",0.0182897107722341,0.722402196474536,"Th2like","Th1/2"
"Fhl2",0.0484954135747441,0.411190648522102,"Th2like","Th1/2"
"Flot2.1",0.140240916346476,0.574401779347176,"Th2like","Th1/2"
"Flot2.2",0.345282895914253,0.463702042955519,"Th2like","Th1/2"
"Fmnl3.1",0.297905039302494,0.82631634057002,"Th2like","Th1/2"
"Fmnl3.2",0.188538807870861,0.915108875593599,"Th2like","Th1/2"
"Folr4",0.493496859527938,0.527845229087665,"Th2like","Th1/2"
"Folr4.1",-0.00250120895019372,0.790871451717742,"Ind","Th1/2"
"Folr4.2",0.425210414444854,0.623584710893709,"Superpos","Th1/2"
"Fos",0.308893038339125,0.575295439259847,"Th2like","Th1/2"
"Foxp1",-0.079712717628415,1.01178770201044,"Th2like","Th1/2"
"Foxp3",0.0744679211904087,0.888129331572838,"Th2like","Th1/2"
"Foxq1",-0.0662959672857251,0.847028742417527,"Th2like","Th1/2"
"Fscn1",-0.0540003062740801,1.04098199925544,"Th2like","Th1/2"
"Furin",0.423808727440333,0.732055040118155,"Superpos","Th1/2"
"Furin.2",0.588471983381769,0.541009321200897,"Superpos","Th1/2"
"Fut4",0.41074827293688,0.568523027174352,"Th2like","Th1/2"
"Fut7",0.303907427182461,0.142309407927733,"Ind","Th1/2"
"Fzd7",-0.360261219791444,1.15217488244295,"Th2like","Th1/2"
"Galnt11",0.263656564789736,0.794779762368863,"Th2like","Th1/2"
"Gart.1",0.415973016005861,0.549055588402505,"Ind","Th1/2"
"Gas2l3",0.232240246972196,0.666458226626843,"Th2like","Th1/2"
"Gata3",0.260255683923821,0.898437983454132,"Th2like","Th1/2"
"Gbp1",0.543598098731487,0.827744798679414,"Th2like","Th1/2"
"Gbp3.1",0.609581198968929,0.591146532877359,"Superpos","Th1/2"
"Gbp5",0.397895436125573,0.946605003481528,"Superpos","Th1/2"
"Gbp5.1",0.176843630955676,1.03999519309364,"Ind","Th1/2"
"Gbp6",0.238024260464442,0.788647446141543,"Th2like","Th1/2"
"Gbp6.1",0.118268388340563,0.696468791766425,"Th2like","Th1/2"
"Gemin6",0.194490543428978,0.643017390772667,"Ind","Th1/2"
"Gemin6.2",0.0692940391119955,0.759986306851182,"Ind","Th1/2"
"Ggt7",-0.0510450400464118,0.661085028193686,"Th2like","Th1/2"
"Gldc",-0.131980736677711,1.55811013370449,"Th2like","Th1/2"
"Glipr2.1",0.291231839774808,0.882923770562823,"Th2like","Th1/2"
"Glipr2.2",0.424335928255763,0.786056099136892,"Superpos","Th1/2"
"Gm50",-0.00568703333417304,0.88569598070447,"Ind","Th1/2"
"Gm885",0.315450527204916,0.418230279893437,"Ind","Th1/2"
"Gm885.1",-0.18845593322017,0.733864896985713,"Th2like","Th1/2"
"Gnaq",0.332191590954861,1.17910035509319,"Th2like","Th1/2"
"Gnaq.2",0.597978481964959,0.700192765118407,"Superpos","Th1/2"
"Gnaz",0.720586188043003,0.417961972762128,"Ind","Th1/2"
"Gnb5",-0.248354813523036,1.12544082134466,"Ind","Th1/2"
"Gng2",0.489846653814619,0.55974368814686,"Th2like","Th1/2"
"Gnpda1",0.38839846691384,0.599246873106664,"Th2like","Th1/2"
"Gnpda1.1",0.652138986429038,0.751308296295317,"Th2like","Th1/2"
"Gpld1",0.485214061957502,0.599360274532028,"Th2like","Th1/2"
"Gpld1.1",0.36180846609161,0.632643572445344,"Th2like","Th1/2"
"Gpr114",0.22717457842809,0.753413063498817,"Superpos","Th1/2"
"Gpr65",0.0824267518463649,0.96021362664033,"Th2like","Th1/2"
"Gpr83",0.615171107120134,0.310669740379292,"Superpos","Th1/2"
"Gpsm2.1",0.18822674482032,0.670257775157474,"Ind","Th1/2"
"Gramd3.1",0.632862266845134,0.518731263833351,"Th2like","Th1/2"
"Gsdmdc1.1",0.0693860950651565,0.73588428024687,"Th2like","Th1/2"
"Gsdmdc1.2",0.089692957790662,0.871865331337603,"Th2like","Th1/2"
"Gspt2",0.231970710908025,0.641918475287917,"Ind","Th1/2"
"Gstk1",0.150213538404041,0.910574065144714,"Th2like","Th1/2"
"Gstk1.1",0.143352196591696,0.929736282465639,"Th2like","Th1/2"
"Gstt3",0.295607433055334,0.564352181022999,"Ind","Th1/2"
"Guca1a",0.366700615287834,0.682948171658878,"Ind","Th1/2"
"Gvin1",0.152369325376367,0.454162741114788,"Th2like","Th1/2"
"Gypc",-0.209162515524069,1.33208162534471,"Th2like","Th1/2"
"H1f0",-0.34492255316993,1.19727440580333,"Th2like","Th1/2"
"H1fx",0.116402882287606,0.538849210332756,"Ind","Th1/2"
"H2-D1",0.615679003038007,0.21873018302634,"Ind","Th1/2"
"H2-D1.1",0.472578346132308,0.368171809975862,"Ind","Th1/2"
"H2-D1.2",0.613957098548443,0.37413925620121,"Ind","Th1/2"
"H2-DMa",0.471218665361992,0.583004790571836,"Th2like","Th1/2"
"H2-DMa.1",0.267053283371897,0.857076284811879,"Th2like","Th1/2"
"H2-DMb1",0.610808341449416,0.411189929400893,"Ind","Th1/2"
"H2-DMb2",0.806117566536179,0.0821677828439573,"Ind","Th1/2"
"H2-DMb2.1",0.806830685261249,0.130724536244488,"Ind","Th1/2"
"H2-Ea",0.472459421739304,0.525613341337397,"Ind","Th1/2"
"H2-K1",1.2660951752318,-0.210536913706042,"Ind","Th1/2"
"H2-K1.1",0.592223185291997,0.367422106635081,"Ind","Th1/2"
"H2-M3",0.735895262899818,0.330250272270834,"Th1like","Th1/2"
"H2-Oa",0.687221515270277,0.510341383112733,"Th2like","Th1/2"
"H2-Q5.2",0.782781623996163,0.212652136853502,"Ind","Th1/2"
"H2-Q6",0.641625667968148,0.30606296606235,"Th1like","Th1/2"
"H2-Q7",0.585544747399321,0.245998350172282,"Th1like","Th1/2"
"H2-T10.1",0.646320344183758,0.647953746086258,"Th1like","Th1/2"
"H2-T23.1",0.447420105902644,0.382456153084773,"Ind","Th1/2"
"H2-T23.2",0.345561827826246,0.377955090386613,"Ind","Th1/2"
"H28",-0.0457174575415153,0.220148594118364,"Ind","Th1/2"
"Hcn2",0.565833588047418,0.720735714302195,"Superpos","Th1/2"
"Hcst",0.377612789664248,0.577295849909175,"Th2like","Th1/2"
"Hemk1",-0.214145054870495,1.05659580948758,"Th2like","Th1/2"
"Hipk2",0.313140963517748,0.785819177331206,"Th2like","Th1/2"
"Hmgn3",0.174129295307055,0.616846455045776,"Th2like","Th1/2"
"Hmgn3.1",0.106120226278517,0.701266645782999,"Th2like","Th1/2"
"Hnrpab",0.024402079460244,0.918080419802984,"Th2like","Th1/2"
"Hopx",0.121060178687004,0.229096662896091,"Ind","Th1/2"
"Hsd11b1.1",0.399290332195974,0.663620627571307,"Superpos","Th1/2"
"Hsd17b11.1",0.378206775185142,0.649702292341929,"Ind","Th1/2"
"Hsh2d",0.21126470303874,0.569738864562919,"Th2like","Th1/2"
"Icos",0.0245846348201269,0.902128696402014,"Th2like","Th1/2"
"Id1",0.756222816282008,0.436168724360294,"Th2like","Th1/2"
"Id2",0.128315088578008,1.02790434527364,"Th2like","Th1/2"
"Id2.1",0.557914000786006,0.837559987398007,"Ind","Th1/2"
"Ier5l",0.816706012718033,0.338217029213228,"Th2like","Th1/2"
"Ifi202b",0.0828636832753622,-0.379192301766081,"Ind","Th1/2"
"Ifi202b.1",0.0101945634938669,0.200696954874459,"Ind","Th1/2"
"Ifi203",0.16993634620049,0.767686676119848,"Th2like","Th1/2"
"Ifi27",0.3516402794595,0.484158858066411,"Th2like","Th1/2"
"Ifi35",0.0817555732038612,0.410134972714278,"Ind","Th1/2"
"Ifih1",0.0340905226189687,0.147332847692863,"Ind","Th1/2"
"Ifit2",-0.215508736667711,0.816457147127307,"Th2like","Th1/2"
"Ifit2.1",-0.00152985924595892,0.898934586351444,"Th2like","Th1/2"
"Ifit3",0.103685635847727,0.897649355303029,"Th2like","Th1/2"
"Ifit3.1",-0.14247523625279,0.928002435015132,"Th2like","Th1/2"
"Ifitm1.4",0.194864569712055,0.567720806314458,"Th2like","Th1/2"
"Ifitm2",0.0451948407267172,0.795510032726765,"Th2like","Th1/2"
"Ifitm3",0.335927521124603,0.353370637615483,"Superpos","Th1/2"
"Ifng",0.386854258585192,1.18949186833629,"Superpos","Th1/2"
"Ifng.1",0.384527790986592,1.51021036829792,"Superpos","Th1/2"
"Igf2bp3",0.213777215009133,0.790548348846809,"Ind","Th1/2"
"Igf2bp3.2",0.58147489648675,0.349046838395894,"Ind","Th1/2"
"Igfbp7.1",0.0591029574565989,0.30848881077727,"Ind","Th1/2"
"Igtp",0.347810887567007,0.17581072833439,"Ind","Th1/2"
"Iigp2",0.87837346393634,0.355435827009567,"Ind","Th1/2"
"Ikzf1",0.0572569790362295,0.888157955302581,"Th2like","Th1/2"
"Il10rb",0.447327419647215,0.536693625360159,"Ind","Th1/2"
"Il11ra1",0.190933194575207,0.717935314089992,"Th2like","Th1/2"
"Il12rb2",0.471179630809277,0.655281146992466,"Th1like","Th1/2"
"Il17ra",0.0757313642475741,0.932194339500713,"Ind","Th1/2"
"Il18r1",0.189399737489196,0.885779680693048,"Th2like","Th1/2"
"Il18rap",0.0679281351224442,0.87124951899307,"Ind","Th1/2"
"Il24",0.836557012535228,0.49728080297648,"Ind","Th1/2"
"Il2rb",0.78755835567038,0.288175747564555,"Ind","Th1/2"
"Il4",0.0332499667868277,1.04340326104173,"Th2like","Th1/2"
"Il4ra",0.451140130725213,0.822864830054961,"Th2like","Th1/2"
"Il8ra",0.619434438643554,0.413836607012026,"Th1like","Th1/2"
"Ing4",0.460970082324843,0.748514336293982,"Th2like","Th1/2"
"Ing4.2",0.196643758414952,0.883001743333788,"Th2like","Th1/2"
"Inpp4b",0.205904282064529,1.03528705101156,"Th2like","Th1/2"
"Inpp5a.1",0.330908984080321,0.715880023071514,"Th2like","Th1/2"
"Insig1.2",0.415248652195135,0.503853383271136,"Th2like","Th1/2"
"Insig1.3",0.39365576556694,0.591322543596203,"Th2like","Th1/2"
"Irf7",0.213487032613053,0.77071862096802,"Th2like","Th1/2"
"Irf9",-0.119036857504143,0.803036099819996,"Th2like","Th1/2"
"Irf9.1",0.239469812619896,0.564480412259177,"Ind","Th1/2"
"Irgm",1.34148491630434,0.522396005202308,"Th2like","Th1/2"
"Isg20",0.140945488649205,0.85252211377177,"Th2like","Th1/2"
"Itga7",-0.0957067144362167,0.953286200963983,"Th2like","Th1/2"
"Itgb5",0.653974082019342,0.516939196340953,"Superpos","Th1/2"
"Itih5.1",0.563745171632069,0.429344419569171,"Ind","Th1/2"
"Itpr1",0.873504087060657,0.178406104342187,"Th1like","Th1/2"
"Jdp2",0.29533218810143,0.904170882546181,"Th2like","Th1/2"
"Kbtbd7.2",0.1335332105906,0.610798360457067,"Th2like","Th1/2"
"Kcnk10",0.337471409708912,0.142729212801702,"Ind","Th1/2"
"Kcnk5.1",0.127179777399363,0.865005643199804,"Th2like","Th1/2"
"Kcnk5.2",0.493180360243171,0.582393516453332,"Th2like","Th1/2"
"Kdelr3",-0.40271148530081,1.27682498906992,"Th2like","Th1/2"
"Kif1b.2",0.1518957217501,0.85267762457899,"Th2like","Th1/2"
"Kif3a",0.153971334977715,1.28528726837665,"Th2like","Th1/2"
"Kif3a.2",-0.0746750477340848,1.12072088744567,"Th2like","Th1/2"
"Kifc1",-0.0994699872397973,0.934672498680786,"Th2like","Th1/2"
"Klf2",0.568219416018478,0.517753371034992,"Ind","Th1/2"
"Klhl21",0.128021074226262,0.777018498904063,"Ind","Th1/2"
"Klk8",0.194058119308574,0.826627471664829,"Th2like","Th1/2"
"Klrd1",0.224073706725013,0.782627282861276,"Superpos","Th1/2"
"Klrk1.3",0.0837898120661562,0.799592537031982,"Ind","Th1/2"
"l7Rn6",0.0600507799010513,0.725179914806763,"Th2like","Th1/2"
"Lama5",-0.572086135888123,1.38560709303614,"Th2like","Th1/2"
"Ldhd",0.0922439220658766,1.03178306852413,"Th2like","Th1/2"
"Leng9",0.477340611184161,0.581224735312979,"Th2like","Th1/2"
"Lgals3",0.140712259621646,1.12919368153323,"Th2like","Th1/2"
"Lgals3bp",0.137291362141749,0.603881728241444,"Th2like","Th1/2"
"Lgals4.1",0.710264976628219,0.399205191248024,"Ind","Th1/2"
"Lif.1",0.679952239007843,0.800081791609686,"Th2like","Th1/2"
"Lilrb4.1",1.14238518216271,0.97041846016059,"Superpos","Th1/2"
"Lmo2",0.388384293648223,0.780855897576427,"Th2like","Th1/2"
"LOC329575",0.8094184025226,0.378019938621444,"Ind","Th1/2"
"LOC433632",0.349960753456732,0.284287267638474,"Ind","Th1/2"
"LOC435565",0.474402512269458,1.11960320657102,"Th1like","Th1/2"
"LOC56628",0.836462332274861,0.065282616589572,"Ind","Th1/2"
"LOC625360",0.2560515554795,0.584852060907491,"Th2like","Th1/2"
"Lpin1",0.396920281772876,0.67160853891884,"Ind","Th1/2"
"Lpxn",0.162130013062424,0.958221192965559,"Th2like","Th1/2"
"Lrch1.1",0.372829236036465,0.847082272448081,"Ind","Th1/2"
"Lrp11",0.961874358766203,0.0738235722563329,"Ind","Th1/2"
"Lrp12",0.158534784357204,0.421545609422174,"Ind","Th1/2"
"Lrp12.1",-0.0997828018390773,0.661584128889402,"Th2like","Th1/2"
"Lrp8.3",0.143189117782216,0.772677455812436,"Th2like","Th1/2"
"Lrrc49.2",-0.374676752548691,1.42151873500299,"Th2like","Th1/2"
"Lrrfip1.2",0.433217272671694,0.555302390624728,"Th2like","Th1/2"
"Lrrk1.1",0.332687171503091,0.614533322182972,"Superpos","Th1/2"
"Lss",0.590842720052366,0.343513695749058,"Ind","Th1/2"
"Ltb4r1",0.955258086470305,0.0774146979592592,"Th1like","Th1/2"
"Ltbp1.4",-0.512922094587473,0.145107005661601,"Ind","Th1/2"
"Ltbp3.1",0.107342290103892,1.12419329778763,"Th2like","Th1/2"
"Luzp1",0.264554605011297,0.654372094795916,"Th2like","Th1/2"
"Luzp1.1",0.0794729924043197,0.986855008550513,"Th2like","Th1/2"
"Ly6a",0.839951640047457,0.25689196418422,"Th1like","Th1/2"
"Ly6c1",0.571900955552744,0.158276162832593,"Th1like","Th1/2"
"Ly9",0.375465316385882,0.811985456169522,"Th2like","Th1/2"
"Lyrm5",0.332852948943206,0.654572719809311,"Th2like","Th1/2"
"Maged2",0.14927102828998,0.727011217465846,"Th2like","Th1/2"
"Map2k6.1",0.773926990354836,0.368477025240297,"Superpos","Th1/2"
"Mapre2",0.515304962343054,0.656664013934215,"Ind","Th1/2"
"Marcks",0.565434000280564,0.675866358202394,"Th2like","Th1/2"
"Matk.1",0.218723932963404,0.899389153588868,"Superpos","Th1/2"
"Matk.2",0.204161041289345,0.930663519582055,"Th2like","Th1/2"
"Mbnl1.1",0.289812538061777,0.769974284366366,"Th2like","Th1/2"
"Mboat2.3",0.226038704353837,0.937263085162462,"Th2like","Th1/2"
"Mcf2l.1",0.365794911525139,0.792625127775799,"Th2like","Th1/2"
"Mcf2l.2",1.17083856582153,0.470624273164109,"Ind","Th1/2"
"Mcl1",-0.00666024063373857,0.967301183351677,"Th2like","Th1/2"
"Mef2c.2",0.280878763555477,0.983081742787641,"Th2like","Th1/2"
"Mettl4",0.284243830976831,0.750631893718009,"Th2like","Th1/2"
"Mgll",0.358301882469056,0.730997395322688,"Th2like","Th1/2"
"Mgll.1",0.0265143993093089,0.895571677384707,"Th2like","Th1/2"
"Mgll.2",0.354768720283781,0.755578179289179,"Th2like","Th1/2"
"Mitd1",0.0644875479829759,0.810734908644608,"Th2like","Th1/2"
"Mlf1",0.435868202972336,0.388209406498291,"Superpos","Th1/2"
"Mlkl",0.486830873948278,0.477958663766134,"Superpos","Th1/2"
"Mllt11.1",-0.272577872631234,1.15457043257608,"Th2like","Th1/2"
"Mllt3.1",0.367732821508065,0.376812218302374,"Ind","Th1/2"
"Mllt4",-0.679688457716216,1.33819501344006,"Th2like","Th1/2"
"Mllt4.2",-0.0742429065132774,1.04721475528189,"Th2like","Th1/2"
"Mocos",0.0220229225245929,0.812993808586618,"Th2like","Th1/2"
"Morc3",-0.0165267179497868,0.903199162616924,"Th2like","Th1/2"
"Mov10",0.191136624105994,0.268406347549127,"Ind","Th1/2"
"Mov10.1",-0.0817256593066003,1.0796275916898,"Th2like","Th1/2"
"Mpp1",-0.264623053458412,1.18506709267527,"Th2like","Th1/2"
"Mrpl16",0.548187152944775,0.433739120427176,"Ind","Th1/2"
"Ms4a6b",0.334631008773717,0.611063140092176,"Ind","Th1/2"
"Ms4a6d.1",0.299292729478636,0.858212994754343,"Superpos","Th1/2"
"Msh5",0.633186512463322,-0.0412444772434529,"Th1like","Th1/2"
"Msh5.1",0.538937341357414,0.212522676042887,"Ind","Th1/2"
"Msr2",0.18394525016447,1.55411792811854,"Th2like","Th1/2"
"Mtap",-0.0292682319427974,1.01897989809235,"Th2like","Th1/2"
"Mtap.1",0.219279253506761,0.840150197159136,"Th2like","Th1/2"
"Mtap6.2",0.0280994305160056,0.177069223913625,"Ind","Th1/2"
"Mtap6.3",0.150587901089855,-0.656942620653933,"Ind","Th1/2"
"Mtap7",0.0488793368532269,0.532876195349482,"Th2like","Th1/2"
"Muc13",-0.0376561796012004,0.244882918998444,"Th2like","Th1/2"
"Mx1",0.0650701267688397,0.402073575905471,"Ind","Th1/2"
"Mxra8",0.0373044008863731,1.05212024032511,"Th2like","Th1/2"
"Myl4",0.187996335686053,0.894870859798868,"Th2like","Th1/2"
"Myo1f",0.725149588457359,0.532167663139752,"Superpos","Th1/2"
"Myo6.1",0.502729072225459,0.703622696296418,"Superpos","Th1/2"
"Myst4.1",0.21565594945088,0.864411422279532,"Th2like","Th1/2"
"Nagk.3",0.540750523493061,0.362743249950251,"Ind","Th1/2"
"Nampt.1",0.409542741414672,0.434349142566116,"Ind","Th1/2"
"Nat5",0.227563949534816,0.661383281038864,"Th2like","Th1/2"
"Nat5.1",0.130387593367097,0.913221052439393,"Th2like","Th1/2"
"Nat5.2",0.172836931235111,0.902345456158306,"Th2like","Th1/2"
"Nav1",0.538529077126999,-0.133583011176892,"Ind","Th1/2"
"Nav1.1",0.666493042053813,-0.269584773040451,"Ind","Th1/2"
"Ncf1",0.27825725399627,0.759110667628573,"Th2like","Th1/2"
"Nedd1",0.206705103536181,0.837280172177946,"Th2like","Th1/2"
"Nelf.1",0.547893766313639,0.415791661989878,"Ind","Th1/2"
"Nhedc2",-0.255415832319757,1.232898740804,"Th2like","Th1/2"
"Nhedc2.1",0.360729093687453,0.291216969903833,"Ind","Th1/2"
"Niban",0.0185248222265725,0.609106450641388,"Th2like","Th1/2"
"Nin",0.199956818509614,0.899122798594412,"Th2like","Th1/2"
"Nkg7",0.0721114773001513,0.894281889342079,"Th2like","Th1/2"
"Nod1",0.272797636217668,0.79553279580504,"Superpos","Th1/2"
"Nol3.1",-0.108802776034289,1.13286000140773,"Th2like","Th1/2"
"Nos3.3",0.412570972382502,0.489260783750264,"Ind","Th1/2"
"Npc1",0.470129903617597,0.655119556397177,"Th2like","Th1/2"
"Nqo2",-0.0395133669796317,0.839403820476001,"Th2like","Th1/2"
"Nrbp2",0.0380297241609062,0.986446429425071,"Th2like","Th1/2"
"Nrn1",0.0393704014646555,0.402746678159074,"Ind","Th1/2"
"Nrp1",0.372664916849194,-0.198467368887639,"Ind","Th1/2"
"Nrp1.1",0.328254828865584,-0.206558710482695,"Ind","Th1/2"
"Ntrk3.1",0.459627162880485,0.435342286088374,"Th2like","Th1/2"
"Ntrk3.2",0.604862667770663,0.319453485163777,"Th2like","Th1/2"
"Nts",0.125646585032354,0.617329856307124,"Th2like","Th1/2"
"Nuak2",0.778169430402372,-0.0733373170861015,"Ind","Th1/2"
"Nucb1",-0.142142223009115,1.05049652109024,"Th2like","Th1/2"
"Nucb1.1",0.0513059968096332,0.986046443656433,"Th2like","Th1/2"
"Nup107",-0.271447625434217,1.32530197948767,"Th2like","Th1/2"
"Nusap1",0.903397435547779,0.0795546440343233,"Th1like","Th1/2"
"Oas1b",0.0933620145990238,0.820997349778778,"Th2like","Th1/2"
"Oas1g",-0.0519506419646517,0.674514305525989,"Ind","Th1/2"
"Oas1g.3",0.0202364095167661,0.546690444925946,"Ind","Th1/2"
"Oas2",-0.0204403323117053,0.932073772637322,"Th2like","Th1/2"
"Oas3",0.351083758658177,0.0114476559746996,"Th1like","Th1/2"
"Oasl1",0.289692898903279,0.95645824783212,"Th2like","Th1/2"
"Oasl1.2",0.349044882667151,0.872649996660933,"Ind","Th1/2"
"Oasl2",-0.00648109457872941,-0.492937894961893,"Ind","Th1/2"
"Oasl2.1",-0.0740620474302625,0.505130110182869,"Ind","Th1/2"
"Ociad2",0.350573542506256,0.630310171827609,"Th2like","Th1/2"
"Odf2.1",0.242862329294502,0.786464412979415,"Th2like","Th1/2"
"Ogfrl1.1",0.213697245880361,0.6817817851469,"Ind","Th1/2"
"Oit3.1",1.69494823385033,0.819081727727146,"Superpos","Th1/2"
"Optn.1",0.137356530568202,0.719500109839785,"Ind","Th1/2"
"Orc1l",0.741919387993489,0.284030218151777,"Ind","Th1/2"
"Osm",0.309704462767161,0.562703029116643,"Th2like","Th1/2"
"OTTMUSG00000005491",0.30812785572791,0.642348301255908,"Ind","Th1/2"
"Otx1",0.144583032834326,0.391053599589747,"Ind","Th1/2"
"P2ry1",0.325030594423912,0.748601697981487,"Th2like","Th1/2"
"P2ry14",0.0901625782635147,0.747846022530115,"Th2like","Th1/2"
"P2ry14.2",0.121939435494318,0.864409461106456,"Superpos","Th1/2"
"P2ry5",0.4741676658459,0.688244782967128,"Th2like","Th1/2"
"P4ha2",-0.196093621201306,0.906217799674732,"Th2like","Th1/2"
"Pacsin1.3",0.455028116045267,0.7235521344638,"Th2like","Th1/2"
"Pak4",0.55005519657335,0.374880568250909,"Ind","Th1/2"
"Pank4",0.542835922617439,0.426181951607425,"Ind","Th1/2"
"Parp12",0.0242237553079563,1.03511536083526,"Th2like","Th1/2"
"Parp14",0.195892626359322,0.712872556614491,"Th2like","Th1/2"
"Pbx2.1",0.391993101921349,0.565454084238255,"Ind","Th1/2"
"Pcx",0.384476768152754,0.475614054589431,"Th2like","Th1/2"
"Pde6d.1",-0.182495896075466,0.847103489638757,"Th2like","Th1/2"
"Pde6d.2",-0.0269103561993396,0.693275097353142,"Th2like","Th1/2"
"Pdlim4",0.863536913082941,0.0865407300188191,"Ind","Th1/2"
"Pfn2",0.276769914443663,0.588517522175266,"Th2like","Th1/2"
"Pfn2.1",0.173920530615605,0.695993590885774,"Th2like","Th1/2"
"Phf11",0.217097317509888,0.640310763354591,"Superpos","Th1/2"
"Phf11.2",0.231522422197884,0.677129806692006,"Superpos","Th1/2"
"Phkg2",0.37082048177655,0.655265792503866,"Th2like","Th1/2"
"Phldb1",0.185565099723262,0.596635888479938,"Th2like","Th1/2"
"Phldb1.3",0.451536082864258,0.553890271989934,"Th2like","Th1/2"
"Pigh.1",-0.130612405767715,0.796683815637299,"Th2like","Th1/2"
"Pigz",0.607844130014143,-0.00510401668723797,"Ind","Th1/2"
"Pik3ap1",0.474148100050832,1.20619419039069,"Superpos","Th1/2"
"Pik3cg",0.727928541171774,0.109459153961263,"Ind","Th1/2"
"Pim2.1",0.074705646999452,1.04682290768418,"Th2like","Th1/2"
"Pip5k1b",0.332760722683932,0.651235361339366,"Th2like","Th1/2"
"Pitpnm2",0.690522766120045,0.448173114882894,"Ind","Th1/2"
"Pkn3",1.0260539573251,0.134224013399307,"Ind","Th1/2"
"Pkp2",0.272066111460651,0.798520769247507,"Th2like","Th1/2"
"Pkp2.1",0.0273324073003558,0.918855620265059,"Th2like","Th1/2"
"Pkp2.2",0.308464327607976,0.818802610298168,"Superpos","Th1/2"
"Pkp4.3",0.0941831099297916,0.810953547107651,"Th2like","Th1/2"
"Pla1a",0.196505059229301,0.0829694953223144,"Ind","Th1/2"
"Pla2g4f",-0.262908619962127,1.08585759013926,"Th2like","Th1/2"
"Plac8",0.69163720274425,0.227297073860035,"Th1like","Th1/2"
"Plcl2",-1.00506093842425,1.77488803061972,"Th2like","Th1/2"
"Plcxd1",0.232739711178724,0.85353257674455,"Th2like","Th1/2"
"Plcxd1.2",0.343195443998304,0.818448828451189,"Th2like","Th1/2"
"Pld4",0.310630081134124,0.67324328138841,"Th2like","Th1/2"
"Plek",-0.0120001644749853,0.94501614785661,"Th2like","Th1/2"
"Plekha8.1",0.369007795220042,0.629302490233406,"Th2like","Th1/2"
"Plekhf1",0.270473067151207,0.72448823808738,"Th2like","Th1/2"
"Pml",0.348170577858297,0.373082672291932,"Ind","Th1/2"
"Polk",0.447443764521344,0.63317972267054,"Ind","Th1/2"
"Polr2d.1",0.175059413727888,0.844108297534976,"Th2like","Th1/2"
"Pon2",1.03063229664403,0.654111918742126,"Superpos","Th1/2"
"Ppap2c.1",0.0264893650804083,0.89105769326136,"Th2like","Th1/2"
"Pparg",0.794996772043009,0.662872301438172,"Th2like","Th1/2"
"Pparg.2",0.407043939017595,0.586839241582882,"Th2like","Th1/2"
"Ppm1b",0.0899367855890553,0.911451705014892,"Th2like","Th1/2"
"Ppm1b.1",0.56641622095022,0.581885393124558,"Ind","Th1/2"
"Ppme1",0.210731862651953,0.696192153716784,"Th2like","Th1/2"
"Ppp1r1b.2",1.08681407990153,0.881033871477565,"Th2like","Th1/2"
"Ppp3ca",0.343311221990562,0.677402365808687,"Superpos","Th1/2"
"Ppp3ca.2",0.616168477088486,0.325283864633325,"Th1like","Th1/2"
"Ppp3cc",0.157211773018271,0.930559444311176,"Th2like","Th1/2"
"Ppt1",0.678319007683751,0.442376212004964,"Ind","Th1/2"
"Prdm16.1",0.17694579097226,0.921433611286337,"Th2like","Th1/2"
"Prdx4",0.121508841042137,0.775071779013865,"Th2like","Th1/2"
"Prdx5.1",0.277428460557959,0.8087810133631,"Th2like","Th1/2"
"Prkar1b",0.0479471958176771,0.689564963695774,"Th2like","Th1/2"
"Prkrip1.1",0.224930694175186,0.935432527961447,"Ind","Th1/2"
"Prlr.2",0.411896243841264,0.553420649454399,"Th2like","Th1/2"
"Prm1",0.523858391308147,1.02801619130916,"Ind","Th1/2"
"Prm1.1",0.456812128530565,1.4130172030175,"Ind","Th1/2"
"Pros1",-0.274065423755327,0.969393129742921,"Th2like","Th1/2"
"Prr11",-0.0902228996448309,0.901877240477924,"Th2like","Th1/2"
"Prr15",0.288063920725523,0.563836185932437,"Th2like","Th1/2"
"Pscdbp",0.223101972656398,0.821471139872416,"Th2like","Th1/2"
"Psmb9",1.0059684289912,-0.497912930115804,"Ind","Th1/2"
"Psrc1",-0.558703246848401,1.23191325623931,"Th2like","Th1/2"
"Pter",0.34047473039979,0.457127061932779,"Superpos","Th1/2"
"Ptger2.1",0.0230187967322052,0.867761869159318,"Th2like","Th1/2"
"Ptk2b",0.0605963876317918,0.818884013259835,"Th2like","Th1/2"
"Ptpla",0.3047757540517,0.708016943838219,"Th2like","Th1/2"
"Ptpn12",0.0239862500442041,0.829609732912393,"Th2like","Th1/2"
"Ptprk",0.568873728879321,0.240025826051898,"Th1like","Th1/2"
"Pxmp4",0.759915643046492,0.410119972467922,"Ind","Th1/2"
"Pygl.1",0.303721085135946,0.550875044105234,"Th2like","Th1/2"
"R3hdm1.1",0.323375471667851,0.879627688908117,"Th2like","Th1/2"
"R74862",-0.131710500688749,0.910158448234104,"Th2like","Th1/2"
"Rab31",0.718577105720843,0.933198668278726,"Superpos","Th1/2"
"Rab33a",0.315618061509973,1.00941382483388,"Superpos","Th1/2"
"Rab6ip1",0.0076836735055867,0.646146196629074,"Th2like","Th1/2"
"Rabgap1l",0.575871277736815,0.458620685561848,"Th2like","Th1/2"
"Rabgap1l.1",0.0436390119198765,0.832597622724744,"Th2like","Th1/2"
"Rad50",1.10703321937107,0.32159216378782,"Th1like","Th1/2"
"Rai14.1",2.02329393322942,0.0510198898537628,"Th1like","Th1/2"
"Ralb",0.547948884456279,0.432040472665459,"Ind","Th1/2"
"Rap1b",0.505716844533356,0.396965949296316,"Ind","Th1/2"
"Rap1gap",0.668143524043714,0.711503112114694,"Th2like","Th1/2"
"Rapgef5",-0.390802151458308,0.904918137094355,"Th2like","Th1/2"
"Rapsn",0.227835872142835,0.998157917386905,"Th2like","Th1/2"
"Rasa1",0.105694106129548,0.981105911308094,"Th2like","Th1/2"
"Rasa3",0.506693725355524,0.591147615982933,"Superpos","Th1/2"
"Rasgrp4.1",0.0812838711619183,0.821586301592934,"Th2like","Th1/2"
"Rbm43",0.127536501718652,0.896613421140248,"Th2like","Th1/2"
"Rbms2.2",0.522319850767192,0.688381893828325,"Th2like","Th1/2"
"Rbms2.3",0.359818067170006,0.665506033797891,"Th2like","Th1/2"
"Rbpj.1",0.408781134794604,0.807827455165705,"Th2like","Th1/2"
"Renbp",0.168274509784764,0.940133280330414,"Th2like","Th1/2"
"Repin1",-0.0531369698002142,0.882684321082861,"Th2like","Th1/2"
"Repin1.1",0.0162405468884444,0.886543773909068,"Th2like","Th1/2"
"Retsat",0.072569641093921,1.00681275032305,"Th2like","Th1/2"
"Retsat.1",0.142303032807446,0.913129817624339,"Th2like","Th1/2"
"Rexo2",-0.0824796647680748,1.07715631008807,"Th2like","Th1/2"
"Rhbdf1",0.471512818263697,0.372863863305293,"Superpos","Th1/2"
"Rhobtb1",0.387737748951478,0.753572108570026,"Superpos","Th1/2"
"Rhoh",1.30817784194396,-0.0901164920495037,"Ind","Th1/2"
"Ripk3",0.122921756238825,0.68874221600614,"Th2like","Th1/2"
"Rnasen",0.501358742235624,0.509681136253454,"Ind","Th1/2"
"Rnf213",0.139298632021818,0.777702139889315,"Th2like","Th1/2"
"Rnf26",0.305896281429315,0.604607774986432,"Th2like","Th1/2"
"Rpl7a",0.696153497189321,0.529088022760965,"Ind","Th1/2"
"Rps24.1",0.888299823969582,0.174841280727408,"Ind","Th1/2"
"Rps6ka5.1",0.382566404510952,0.708349443522626,"Th2like","Th1/2"
"Rras",0.64724830613903,0.499370466112158,"Th2like","Th1/2"
"Rrm2b.1",0.324103190905264,0.671664714033557,"Th2like","Th1/2"
"Rsad2",0.0608144754778645,0.604152096240762,"Th2like","Th1/2"
"Rtp4",0.0724006532071977,1.56662875799646,"Th2like","Th1/2"
"Rxra",0.222951683429491,0.647144380566306,"Th2like","Th1/2"
"S100a1",0.415285745652077,0.729483307203142,"Superpos","Th1/2"
"S100a13",0.910565757862176,0.271092551136495,"Ind","Th1/2"
"Samhd1",0.360755247844125,0.34616542064015,"Th2like","Th1/2"
"Sccpdh",0.320309110136872,0.726416631158803,"Th2like","Th1/2"
"Scin",-0.0569043583106606,1.07647284614002,"Th2like","Th1/2"
"Scly",0.523170712074304,0.580143938142782,"Ind","Th1/2"
"Sco1",0.235786897113971,0.639818184003598,"Superpos","Th1/2"
"Sco1.1",0.00358420886068935,1.02969057218921,"Ind","Th1/2"
"Scotin.1",0.642338054122428,0.416858965056297,"Ind","Th1/2"
"Scotin.2",0.625212281178202,0.408493777633736,"Ind","Th1/2"
"Sdc3",0.419733596215142,0.568721885440601,"Th1like","Th1/2"
"Sdcbp2",0.107382026284966,1.04457044874258,"Th2like","Th1/2"
"Sdcbp2.1",0.212555780088159,0.842428075934914,"Th2like","Th1/2"
"Sdcbp2.2",0.213769772855727,0.824209835810614,"Th2like","Th1/2"
"Selenbp2",0.487510843079851,0.901163337577682,"Th2like","Th1/2"
"Sell",0.245948976522179,0.710263585875445,"Th2like","Th1/2"
"Sema3b",0.214477689058946,0.205684456834242,"Ind","Th1/2"
"Sema4b",0.114968741710709,0.868335445038301,"Ind","Th1/2"
"Sept8",0.264622228598989,0.851766719737363,"Th2like","Th1/2"
"Serpina3f",0.676389038952763,1.25184462034927,"Ind","Th1/2"
"Serpinb6a",-0.184735947812225,1.18812592699258,"Th2like","Th1/2"
"Serpinf1",-0.11806962033599,1.11718526502454,"Th2like","Th1/2"
"Sgk1",0.371694055968752,0.605512494357319,"Superpos","Th1/2"
"Sgk3.1",0.0984429471350112,0.852666544956621,"Th2like","Th1/2"
"Shh",-0.238649541134451,0.598619903076245,"Th2like","Th1/2"
"Sla2",0.139090612984199,1.07650166393206,"Th2like","Th1/2"
"Slamf9",0.0367746969811324,0.733884387289877,"Th2like","Th1/2"
"Slc12a8",0.265837431561043,0.574171614180884,"Ind","Th1/2"
"Slc17a6",0.20065676914901,0.665325782021218,"Ind","Th1/2"
"Slc19a2",0.0514129044682652,0.93395147524316,"Th2like","Th1/2"
"Slc2a6",-0.152202690267666,0.960805009524035,"Th2like","Th1/2"
"Slc35e3",-0.0675244201219561,0.992790270542391,"Th2like","Th1/2"
"Slc39a4",-0.29999267567716,1.14500311683378,"Th2like","Th1/2"
"Slc46a3",0.194455928051249,0.83148063573587,"Th2like","Th1/2"
"Slco4a1.1",-0.0361474993559351,1.03280349245995,"Th2like","Th1/2"
"Slfn1",0.23447390069017,0.863870343775983,"Th2like","Th1/2"
"Slfn2",-0.811179977057538,0.909087885988909,"Th2like","Th1/2"
"Sln",-1.51666240239259,0.466267869363396,"Th2like","Th1/2"
"Smpdl3a",0.376378691004072,0.678566795575344,"Superpos","Th1/2"
"Smpdl3b",-0.416308018303869,0.908197314447444,"Th2like","Th1/2"
"Smtn",0.0210969282330038,0.833048640513212,"Th2like","Th1/2"
"Smtnl2",0.170639585665915,0.877372830904749,"Th2like","Th1/2"
"Snai3",0.115014724440329,0.897933302482372,"Th2like","Th1/2"
"Snx10",0.105933129252911,0.831121820321323,"Th2like","Th1/2"
"Snx21.1",0.162634461771405,0.723291766978924,"Th2like","Th1/2"
"Snx25.1",0.000563618695669348,0.769952479451995,"Th2like","Th1/2"
"Soat1",0.153879089130973,0.731083103444637,"Th2like","Th1/2"
"Sod1",0.269792366448474,0.618655914770469,"Th2like","Th1/2"
"Sp100",0.171442322269173,0.722063953285216,"Th2like","Th1/2"
"Sp100.1",0.413799628859111,0.622001087838084,"Th2like","Th1/2"
"Spcs3.1",-0.245305821352955,1.20048930197017,"Th2like","Th1/2"
"Specc1.2",0.435291934019915,0.234598751068922,"Ind","Th1/2"
"Specc1l.1",0.657055816107351,0.421205192147592,"Ind","Th1/2"
"Spint2",-0.186665797315504,0.963331043254519,"Th2like","Th1/2"
"Spp1",0.17110223126977,0.163388727834185,"Ind","Th1/2"
"Spsb1",0.0620758251200023,0.774148343729458,"Th2like","Th1/2"
"St3gal1",0.37814663919993,0.769091007193515,"Th2like","Th1/2"
"St3gal1.1",-0.309138253800947,0.852684489625655,"Th2like","Th1/2"
"St3gal6",0.711984503256011,0.429485978097859,"Superpos","Th1/2"
"Stambpl1",-0.112740312007967,0.899856729726565,"Th2like","Th1/2"
"Stat1",0.567673865449437,0.378527298328384,"Superpos","Th1/2"
"Stat2",0.376599286590486,0.416183051520778,"Ind","Th1/2"
"Stau2",0.191675829055158,0.670286944440505,"Ind","Th1/2"
"Stc1",0.141704279769721,0.521162642261938,"Th2like","Th1/2"
"Stra6",0.644131371099009,0.342835335999851,"Th2like","Th1/2"
"Suhw2",-0.125351581349894,1.04467068681764,"Th2like","Th1/2"
"Syce2",0.320789294938633,0.737119355743886,"Th2like","Th1/2"
"Syngr1.1",0.562485150132683,0.602048926055702,"Th2like","Th1/2"
"Syngr1.2",0.27284453770602,0.868135430581772,"Th2like","Th1/2"
"Sypl",0.153202808445391,0.81842225965331,"Th2like","Th1/2"
"Sypl.1",0.417878449019296,0.819046463731472,"Th2like","Th1/2"
"Sytl2",0.486098721779252,0.506244330692509,"Superpos","Th1/2"
"Tacc1",0.298769874409101,0.770010232670747,"Th2like","Th1/2"
"Tal2",-0.0224821276979928,0.495504946242435,"Ind","Th1/2"
"Tap1",0.274403841464317,0.529272203885951,"Ind","Th1/2"
"Tap2",-0.0457918964696115,0.82428126037478,"Th2like","Th1/2"
"Tapbpl.2",0.618119070358092,0.362918155706828,"Ind","Th1/2"
"Tarbp2.1",0.0628993574913236,0.712980919250995,"Th2like","Th1/2"
"Taz",0.39734476991944,0.651257778643461,"Ind","Th1/2"
"Tbc1d1",-0.231032827672507,1.0138670052492,"Th2like","Th1/2"
"Tbc1d2.4",0.049200112908042,0.904680260610039,"Th2like","Th1/2"
"Tbc1d7.1",0.371672354401045,0.655227969894349,"Th2like","Th1/2"
"Tdrd7",0.293968894242547,0.596667386169405,"Superpos","Th1/2"
"Tec",0.258819601062441,0.67265610073324,"Th2like","Th1/2"
"Tgfbr1.1",0.0772817187750581,0.977548220475504,"Th2like","Th1/2"
"Tgm1",-0.197458074419062,1.21619556417027,"Th2like","Th1/2"
"Tgtp",0.960463003287136,0.56285269775336,"Ind","Th1/2"
"Tha1",0.619117428827025,0.152898455343698,"Th1like","Th1/2"
"Thex1",0.223233076301373,0.784999432557974,"Th2like","Th1/2"
"Thrap2",0.248626609778809,0.679316998218608,"Ind","Th1/2"
"Tiam1",-0.293285327708897,0.896491566041921,"Th2like","Th1/2"
"Timd2",-0.88239867872362,0.557899176464354,"Th2like","Th1/2"
"Tirap",0.301760507684482,0.625729633402742,"Ind","Th1/2"
"Tirap.1",0.554353904244654,0.549028598847543,"Th2like","Th1/2"
"Tle6",0.200753885920701,1.06092407366699,"Th2like","Th1/2"
"Tlk1",0.131134030564703,0.836102649698273,"Th2like","Th1/2"
"Tlr7",-0.104341418170126,0.788652555911254,"Th2like","Th1/2"
"Tm4sf5",0.402290778708877,0.402393126351682,"Ind","Th1/2"
"Tm6sf1",0.351454742327748,0.815339407698132,"Th2like","Th1/2"
"Tmco3",-0.42447913159771,0.843627364391029,"Th2like","Th1/2"
"Tmco3.1",0.560382368802897,0.459280409687441,"Superpos","Th1/2"
"Tmed10",0.486296257970436,0.541399195474612,"Ind","Th1/2"
"Tmem108",0.223845907580156,1.13715946401045,"Th2like","Th1/2"
"Tmem121",1.29203068566189,0.141008202098596,"Th1like","Th1/2"
"Tmem127",0.29945471922972,0.912102042385547,"Th2like","Th1/2"
"Tmem159",0.0940962712620598,0.800006623195737,"Ind","Th1/2"
"Tmem159.1",0.373398066188288,-0.380339044229405,"Ind","Th1/2"
"Tmem176b",0.766858504490842,0.646923964293609,"Superpos","Th1/2"
"Tmem38b",-0.113047165648801,0.945349807476881,"Th2like","Th1/2"
"Tmem38b.1",-0.169485010196241,0.930746987130055,"Th2like","Th1/2"
"Tmem42",0.743653268970216,0.304585821204921,"Ind","Th1/2"
"Tmem45a.2",0.292176797506826,0.446296049810174,"Th2like","Th1/2"
"Tmem53.2",0.170058724244668,0.561143653461,"Th2like","Th1/2"
"Tmem65",0.322745281072921,0.814670616195882,"Th2like","Th1/2"
"Tmem70.1",0.198998027376721,0.890294334537064,"Th2like","Th1/2"
"Tmem71",0.124194251022757,1.00270618002341,"Th2like","Th1/2"
"Tnfrsf8.1",0.677685943115789,0.938659484023277,"Th2like","Th1/2"
"Tnfsf13b",0.862354638512871,0.292912589568287,"Superpos","Th1/2"
"Tox",0.328347398590756,0.803024040555101,"Superpos","Th1/2"
"Tpcn2",1.11836342052648,0.151212215747045,"Ind","Th1/2"
"Trafd1",0.384027887675118,0.379473473664246,"Th1like","Th1/2"
"Trafd1.1",0.306643650642933,0.574325623283002,"Ind","Th1/2"
"Trafd1.2",0.297946092690301,0.613934418215595,"Superpos","Th1/2"
"Trak2",1.79150789154147,-0.476463101176865,"Ind","Th1/2"
"Trex1.1",0.0385037846688514,1.09274055302162,"Th2like","Th1/2"
"Trim21",0.00959129319174591,0.808614917532569,"Th2like","Th1/2"
"Trim25",0.380290450858307,-0.23041145431373,"Th1like","Th1/2"
"Trim26",0.388709022173061,0.693053634679892,"Th2like","Th1/2"
"Trim34",0.161101197616925,0.813339440849779,"Th2like","Th1/2"
"Trim34.1",0.135548126025875,0.786318295880759,"Th2like","Th1/2"
"Trip10",0.447231665634439,0.473206498595534,"Th2like","Th1/2"
"Trp53bp2",0.803937426895642,0.56276734149303,"Superpos","Th1/2"
"Trp53i11.1",0.390052653697267,0.731602628722572,"Ind","Th1/2"
"Tspan6",0.584837846532295,0.44405709452925,"Th2like","Th1/2"
"Tspan6.1",0.361865709048929,0.562553947939511,"Superpos","Th1/2"
"Ttc17",0.0747399585476297,0.841131109676407,"Th2like","Th1/2"
"Ttc27",0.740749134717711,0.419426986977512,"Ind","Th1/2"
"Tube1",0.167567987177644,0.846917829781608,"Th2like","Th1/2"
"Txnip",0.60326253570953,0.450903926268536,"Superpos","Th1/2"
"Txnip.1",0.615664905547791,0.451199645314614,"Superpos","Th1/2"
"Ube1l",0.0203073544257586,0.800362302519641,"Th2like","Th1/2"
"Ube2f.1",0.744375665654065,0.298230117189107,"Th1like","Th1/2"
"Ube2f.2",0.555544845926091,-0.036691887250513,"Ind","Th1/2"
"Ube2l6",0.163841931543594,0.633409451988826,"Ind","Th1/2"
"Ube2q2.2",0.465732930059741,0.710277520901267,"Th2like","Th1/2"
"Ubl7",0.608886967025419,0.468805829605392,"Th2like","Th1/2"
"Unc119",-0.0923222245895088,0.836725428983018,"Ind","Th1/2"
"Unc119.1",0.169940788633472,0.617697584360847,"Ind","Th1/2"
"Unc45a.1",0.272539056357412,0.656293502169427,"Th2like","Th1/2"
"Upp1",0.600691778221239,-0.132614700881049,"Ind","Th1/2"
"Upp1.2",0.530450474230225,-0.409203026193012,"Ind","Th1/2"
"Usp18",0.23230285247786,0.545778314334768,"Ind","Th1/2"
"Usp18.1",0.286685630003596,0.924481290319591,"Ind","Th1/2"
"Vegfb",0.190755879592239,0.796112605133092,"Th2like","Th1/2"
"Vezf1",0.302570666017309,0.589063236355311,"Superpos","Th1/2"
"Wdr54",0.167804923437353,0.669240325373354,"Th2like","Th1/2"
"Wdr78",0.352837073653165,0.716986311834245,"Ind","Th1/2"
"Wipi2",0.2601055179309,0.764872147224643,"Ind","Th1/2"
"Xdh",0.562353951354583,0.487728874994902,"Superpos","Th1/2"
"Xpo6",-0.113418192759479,1.25992633757205,"Ind","Th1/2"
"Ypel5",0.320935158265106,0.788378969523408,"Th2like","Th1/2"
"Zbp1.1",-0.0796374824029869,0.324352480860012,"Ind","Th1/2"
"Zbtb2",-0.233538759321489,1.24198271959869,"Th2like","Th1/2"
"Zbtb32",0.20126968489518,1.1729146266341,"Th2like","Th1/2"
"Zbtb32.1",0.318576169376306,0.720856076677257,"Superpos","Th1/2"
"Zc3h12d",0.277147569818961,0.661430560110415,"Ind","Th1/2"
"Zcchc18.1",0.836892500632251,0.14762846882437,"Th1like","Th1/2"
"Zcchc6.1",0.455546549554125,0.534387946713286,"Th2like","Th1/2"
"Zdhhc6.2",0.395373650299786,0.486236152994549,"Ind","Th1/2"
"Zfp219",0.0803858498754501,0.835825646057198,"Th2like","Th1/2"
"Zfp518b",0.35022916873291,0.848350520707104,"Th2like","Th1/2"
"Zfp597",0.522183403508782,0.574013690607542,"Th2like","Th1/2"
"Zfp608.2",-0.249708262542864,0.886780963021193,"Ind","Th1/2"
"Zfp768",0.499190510219484,0.483289355795519,"Th2like","Th1/2"
"Zfyve21",0.625037402404774,0.576551378000987,"Ind","Th1/2"
"Zhx1.1",-0.536136825171645,1.11268560610016,"Th2like","Th1/2"
"Zmym3.1",0.103290603411542,0.865312575501751,"Th2like","Th1/2"
"Zmynd11",0.015821234697444,0.953342612069199,"Th2like","Th1/2"
"Znfx1",0.14002986135301,0.782748910641134,"Th2like","Th1/2"
"Zscan12",0.332229421884602,0.848902706350937,"Th2like","Th1/2"
"Zxdc.1",0.0926108191191938,0.846076021473777,"Th2like","Th1/2"
"Zzz3.1",0.402782213965139,0.639350069748256,"Superpos","Th1/2"
