"","gene","beta_th1","beta_th2","p_th1","p_th2","padj_th1","padj_th2","th1_sig","th2_sig","category","model"
"1","1110067D22Rik",0.0900305689508019,0.894241429079452,0.650770915972222,0.0215090815545201,0.762865427814327,0.0313674106003418,"ns","sig","Th2like","Th1/2"
"2","2010001M09Rik",0.212852114395698,0.974652541827623,0.644551424450822,0.0195243371261525,0.759207206684863,0.0288160397343817,"ns","sig","Th2like","Th1/2"
"3","2310004I24Rik",0.15952296045725,0.576186660903632,0.135071995468989,0.0469991576215535,0.264748807299124,0.0619074925660248,"ns","ns","Ind","Th1/2"
"4","2510009E07Rik",0.184608841050001,0.744152126206087,0.27135538263282,0.00387056268868902,0.418733675545095,0.0070243545091023,"ns","sig","Th2like","Th1/2"
"5","2510009E07Rik.2",0.376095559508768,0.630772598829856,0.000440540998556533,0.000151920368114316,0.00513964498315955,0.000539427394029093,"sig","sig","Superpos","Th1/2"
"6","4930539E08Rik",0.320701696466893,0.651818749918682,2.157209146574e-05,0.00107917654385698,0.0007550232013009,0.00245832553745469,"sig","sig","Superpos","Th1/2"
"7","5730469M10Rik",0.311571551608862,0.732073055146383,0.165056720825126,1.86458886699933e-05,0.301723565249471,0.000125867976374534,"ns","sig","Th2like","Th1/2"
"8","9930111J21Rik",0.0020407407511973,0.798126823156084,0.989967667414668,0.00795328773579177,0.989967667414668,0.0131659155085742,"ns","sig","Th2like","Th1/2"
"9","Actr3b",0.744488845251594,0.212759847177125,0.0431303964700543,0.139605080176263,0.118729743091723,0.167662963937179,"ns","ns","Ind","Th1/2"
"10","Adar",0.128540116723564,0.408959670087976,0.438638629103869,0.418088805638711,0.590475077639824,0.447300250574167,"ns","ns","Ind","Th1/2"
"11","Adora3.1",-0.10611756763442,0.427573712970605,0.663899979509458,4.83619067249066e-05,0.770879123127096,0.000252099301012811,"ns","sig","Th2like","Th1/2"
"12","Aff4",0.748261114051523,0.220138002352528,0.00301623720480075,0.202488851955403,0.018241396585052,0.232909712343069,"sig","ns","Th1like","Th1/2"
"13","AI451557",0.365072661487496,0.458865790801737,0.0939242392615061,0.000929259180526733,0.198374470854043,0.00219106340811002,"ns","sig","Th2like","Th1/2"
"14","AI451617",-0.0862734932951493,-0.485381276613396,0.0743005101919959,0.358676559313168,0.168552083305917,0.392302486748777,"ns","ns","Ind","Th1/2"
"15","Akr1c18",0.00174182233233748,0.945106431513199,0.965068585930543,8.20956225068215e-10,0.98108632179661,2.01134275141713e-07,"ns","sig","Th2like","Th1/2"
"16","Amica1",0.234021645674269,0.92235690761287,0.0446085965963598,0.109449999970454,0.121434512956757,0.132094827550548,"ns","ns","Ind","Th1/2"
"17","Antxr2",0.433094871357713,0.769211725161275,0.0400253913828126,0.00120931405121893,0.114481044104679,0.00267172403972612,"ns","sig","Th2like","Th1/2"
"18","Aqp9",0.501335122308851,0.756518885317405,5.03450810670785e-06,1.35101200959844e-05,0.000308363621535856,0.000106773529790844,"sig","sig","Superpos","Th1/2"
"19","Armcx6.1",0.549370402458158,0.502943341800697,0.0247271644864249,0.00736703484351817,0.079712569725975,0.0122783914058636,"ns","sig","Th2like","Th1/2"
"20","Atp10a",-0.234601872469413,0.969853060501135,0.140912506062944,0.00522657833053993,0.269715343636104,0.00908164319845591,"ns","sig","Th2like","Th1/2"
"21","BC006779",0.2180946394783,0.603005021563586,0.0926527727507514,0.00107036741643649,0.19739068977334,0.00245832553745469,"ns","sig","Th2like","Th1/2"
"22","BC094916",0.0728725266716408,0.930493524493036,0.0728519635154294,3.32205722013895e-07,0.16829859266538,1.56829756861684e-05,"ns","sig","Th2like","Th1/2"
"23","BC094916.1",0.270792809971311,0.812303947758354,0.00398095951343099,2.55074955104707e-06,0.0216741129064576,3.67608023533254e-05,"sig","sig","Superpos","Th1/2"
"24","Bst2",0.310651641992574,0.247547415092311,0.146992048364806,0.607434628139787,0.277023475764442,0.623392975413264,"ns","ns","Ind","Th1/2"
"25","Bzrap1",0.663190577316182,0.42597551114241,0.000609023893389623,1.65477816845655e-05,0.00648742842958511,0.000122854742809653,"sig","sig","Superpos","Th1/2"
"26","C030048B08Rik.1",0.304034949029094,0.676971850535396,0.230379350430735,0.0703574042969669,0.364148005519549,0.0879467553712086,"ns","ns","Ind","Th1/2"
"27","C730027P07Rik",-1.95553062574544,0.833293334007359,0.0307499028218794,3.29134207966847e-05,0.0918747096507372,0.000179195291004172,"ns","sig","Th2like","Th1/2"
"28","Casp1",0.480719857618829,0.733087703188607,0.00320995566801004,0.0101971185231948,0.0182892822944758,0.0161180260527918,"sig","sig","Superpos","Th1/2"
"29","Casp6",0.0499507954743937,1.28921495010493,0.824496221288596,0.00149930307489873,0.88537322797975,0.00316663149439818,"ns","sig","Th2like","Th1/2"
"30","Ccr5",0.291251068977439,0.328682534157935,0.000138271826563391,0.199909409296079,0.00225843983386872,0.23102738338462,"sig","ns","Th1like","Th1/2"
"31","Ccr5.1",0.351332501610638,0.951380510183443,2.6103726156829e-05,0.00817351251172577,0.000799426613552888,0.0133378816768674,"sig","sig","Superpos","Th1/2"
"32","Ccr5.2",0.405294862263943,0.783239189253095,0.000152447305318325,0.00822049033962033,0.00233434936268685,0.0133378816768674,"sig","sig","Superpos","Th1/2"
"33","Cd80",0.102694291278312,0.799330639509645,0.185774090179918,0.000763291179165763,0.321936652211381,0.00188895291813749,"ns","sig","Th2like","Th1/2"
"34","Cd86",-0.0751251852583382,1.0196566844204,0.50330828705737,7.85729614582116e-07,0.646284605959194,1.75003414156926e-05,"ns","sig","Th2like","Th1/2"
"35","Cd86.1",0.0202643860791591,1.02335428385316,0.843239358738143,2.52728506363206e-06,0.894344774419243,3.67608023533254e-05,"ns","sig","Th2like","Th1/2"
"36","Cd86.2",0.0352261433126792,0.956782072031218,0.63144245879536,4.76131210982215e-08,0.747359431907552,5.83260733453213e-06,"ns","sig","Th2like","Th1/2"
"37","Cdc42se1.1",0.283760632453952,0.819553587191841,0.110053791432855,0.000232922960540299,0.226581335302937,0.000781727744279086,"ns","sig","Th2like","Th1/2"
"38","Ch25h",1.06089218313274,0.113886690260868,0.0015053184793915,0.927905052832328,0.0115328421420424,0.931707942393116,"sig","ns","Th1like","Th1/2"
"39","Clec2e",0.252201673549199,0.586511700744191,0.133155064049326,0.000744863394738021,0.264748807299124,0.00186215848684505,"ns","sig","Th2like","Th1/2"
"40","Clpx",-0.778083026988493,1.3473135138159,0.00916137339355862,8.49072134362697e-06,0.037408941357031,8.40820938064208e-05,"sig","sig","Superpos","Th1/2"
"41","Cox7a1",0.148500944767818,0.752830829852041,0.302314127002729,5.4731313301854e-05,0.443514737219573,0.00027365656650927,"ns","sig","Th2like","Th1/2"
"42","Csprs",0.208342401688718,0.623261622561315,0.00547458870842495,0.000392918739706486,0.0262994947757669,0.00115982037624204,"sig","sig","Superpos","Th1/2"
"43","Ctsw",0.471748993087784,0.471375703577406,1.19120276083917e-05,9.6520743725381e-06,0.000486407794009328,8.75836378248828e-05,"sig","sig","Superpos","Th1/2"
"44","Cuedc1",0.646087753190124,0.488592787871534,0.0507784926882934,0.0049819169627667,0.132348199027999,0.00871835468484172,"ns","sig","Th2like","Th1/2"
"45","Cxcr3",0.710221004611559,-0.069250007597278,0.00013325124087228,0.608126208668449,0.00225843983386872,0.623392975413264,"sig","ns","Th1like","Th1/2"
"46","D14Ertd668e.1",-0.00159195105694997,0.888100981888163,0.981680383745668,8.49333005834878e-05,0.989967667414668,0.000378339248053718,"ns","sig","Th2like","Th1/2"
"47","D330045A20Rik",-0.313155327452279,0.533441266878305,0.537059269848363,4.95066002377303e-07,0.66454303592348,1.56829756861684e-05,"ns","sig","Th2like","Th1/2"
"48","D330045A20Rik.1",0.233877763717953,0.550199374218148,0.275167843929634,1.35691435961152e-07,0.418733675545095,8.31110045262056e-06,"ns","sig","Th2like","Th1/2"
"49","D330045A20Rik.2",0.801263278868702,0.477270802226206,0.300875420245981,0.000418040319783374,0.443514737219573,0.00121928426603484,"ns","sig","Th2like","Th1/2"
"50","Dbndd2.2",0.0187950187474084,0.805191809414367,0.894829462234599,2.9946458605154e-05,0.924552961332876,0.000170411533007254,"ns","sig","Th2like","Th1/2"
"51","Ddx26b",0.461537245986634,0.338639316086038,0.00337032782627014,0.0713262500569697,0.0187665981235496,0.0887052348424242,"sig","ns","Th1like","Th1/2"
"52","Ddx58",0.29306463851303,0.79749114035309,9.41650044287345e-05,6.74501487310636e-07,0.002228665621776,1.75003414156926e-05,"sig","sig","Superpos","Th1/2"
"53","Ddx60",0.0616744687021488,0.851056990954822,0.427904434660792,0.000315206714602555,0.588995616732345,0.000990072372790076,"ns","sig","Th2like","Th1/2"
"54","Dusp14",-0.0966187871852137,0.584572050066336,0.535576593811974,0.0283783063645342,0.66454303592348,0.0397296289103479,"ns","sig","Th2like","Th1/2"
"55","Edn1",-0.117993307238508,1.27170219142852,0.898137162437651,4.90263595665613e-06,0.924552961332876,6.46111925320505e-05,"ns","sig","Th2like","Th1/2"
"56","Efna5",-0.291332063405798,1.03777029530817,0.625709273418723,0.000489639437150322,0.744168796056248,0.00139490304769568,"ns","sig","Th2like","Th1/2"
"57","EG240327",0.575721391085089,0.555290026970638,0.00160047605236507,0.442892046010002,0.0115328421420424,0.46770927272608,"sig","ns","Th1like","Th1/2"
"58","Emr1",0.264587919882192,0.75882783201953,0.503838203013086,2.98269637571826e-05,0.646284605959194,0.000170411533007254,"ns","sig","Th2like","Th1/2"
"59","Endod1",0.278339481440074,0.952867223594939,0.183426553274038,0.00294571524333186,0.321936652211381,0.00555154026627927,"ns","sig","Th2like","Th1/2"
"60","Enpp4",0.306191903444096,0.762329899136261,0.184220653604378,0.000338404842209252,0.321936652211381,0.0010327896510762,"ns","sig","Th2like","Th1/2"
"61","Eomes",0.126044096793634,1.05336491416844,0.0455247399144019,9.15680890940853e-06,0.122566607461851,8.62853147232727e-05,"ns","sig","Th2like","Th1/2"
"62","Etv6",0.253337158253634,0.963560865783614,0.0198015754490127,0.000349197725307724,0.0673803609028904,0.00104333466707796,"ns","sig","Th2like","Th1/2"
"63","Fcrls",-0.573330279450733,1.51236930453576,0.837912512805058,0.00274475599949212,0.892558981031475,0.00521290868120596,"ns","sig","Th2like","Th1/2"
"64","Fes",0.68204268952695,0.464220289539127,0.000100374304331887,0.0484123416019824,0.002228665621776,0.0630905515557749,"sig","ns","Th1like","Th1/2"
"65","Ffar2",1.18671939857406,0.165859527561383,4.51132127581039e-05,0.829234005883901,0.0012280819028595,0.836058977125744,"sig","ns","Th1like","Th1/2"
"66","Fgl2",0.242907216793994,-0.768159126870669,0.0363160194508799,0.308075413057071,0.107197888740549,0.343083982722647,"ns","ns","Ind","Th1/2"
"67","Fos",0.308893038339125,0.575295439259847,0.0406524523963554,0.00636998909980196,0.114481044104679,0.0107630850306999,"ns","sig","Th2like","Th1/2"
"68","Foxq1",-0.0662959672857251,0.847028742417527,0.878892833452469,0.000100889577826854,0.912409933033283,0.000426171492544469,"ns","sig","Th2like","Th1/2"
"69","Fscn1",-0.0540003062740801,1.04098199925544,0.740226478566157,0.0252546200830029,0.828107247710998,0.0359731506996262,"ns","sig","Th2like","Th1/2"
"70","Furin",0.423808727440333,0.732055040118155,0.000934567718757662,0.000155368477118473,0.00817746753912954,0.000543789669914655,"sig","sig","Superpos","Th1/2"
"71","Furin.2",0.588471983381769,0.541009321200897,0.000118255726869747,0.000633299784943595,0.002228665621776,0.00165137880536549,"sig","sig","Superpos","Th1/2"
"72","Gata3",0.260255683923821,0.898437983454132,0.0666231648310219,5.59488063616992e-05,0.15964581791225,0.000274149151172326,"ns","sig","Th2like","Th1/2"
"73","Gbp1",0.543598098731487,0.827744798679414,0.0289278573635618,0.00813262447685526,0.0874978401737363,0.0133378816768674,"ns","sig","Th2like","Th1/2"
"74","Gbp3.1",0.609581198968929,0.591146532877359,0.00740187194164073,0.000480589382639233,0.0316727654040312,0.00138522822054838,"sig","sig","Superpos","Th1/2"
"75","Gbp5",0.397895436125573,0.946605003481528,0.00749804242217881,0.00584016314319942,0.0316727654040312,0.0100058739166703,"sig","sig","Superpos","Th1/2"
"76","Gbp5.1",0.176843630955676,1.03999519309364,0.593965989964203,0.2639934615849,0.713341507555048,0.295634504922885,"ns","ns","Ind","Th1/2"
"77","Gbp6",0.238024260464442,0.788647446141543,0.297146101002764,0.00204771020442255,0.441954592765918,0.00411220491871742,"ns","sig","Th2like","Th1/2"
"78","Gbp6.1",0.118268388340563,0.696468791766425,0.58117140875271,0.00302070638056286,0.701413769184305,0.00564941269647252,"ns","sig","Th2like","Th1/2"
"79","Gnaq.2",0.597978481964959,0.700192765118407,0.00154131914693957,0.0136710865894944,0.0115328421420424,0.0209338513401633,"sig","sig","Superpos","Th1/2"
"80","Gnpda1",0.38839846691384,0.599246873106664,0.157404187796049,0.00124070787518332,0.294381877939176,0.00271404847696351,"ns","sig","Th2like","Th1/2"
"81","Gnpda1.1",0.652138986429038,0.751308296295317,0.187646958263151,0.0191905378246567,0.321936652211381,0.028495041012369,"ns","sig","Th2like","Th1/2"
"82","Gpr114",0.22717457842809,0.753413063498817,0.00286270055161128,0.00210007522770077,0.0179836316703786,0.00418307667306251,"sig","sig","Superpos","Th1/2"
"83","Gvin1",0.152369325376367,0.454162741114788,0.197107611849694,0.000547655049241537,0.326293006102534,0.00148354188077752,"ns","sig","Th2like","Th1/2"
"84","Gypc",-0.209162515524069,1.33208162534471,0.476002533856521,0.000536527248796612,0.623639683394907,0.00148354188077752,"ns","sig","Th2like","Th1/2"
"85","H2-T10.1",0.646320344183758,0.647953746086258,0.00582470590568973,0.0639392557961135,0.0264269064239627,0.0811664127981752,"sig","ns","Th1like","Th1/2"
"86","H2-T23.1",0.447420105902644,0.382456153084773,0.0856690008957324,0.0525089583834251,0.187400939459415,0.0676267723160648,"ns","ns","Ind","Th1/2"
"87","H28",-0.0457174575415153,0.220148594118364,0.338497737041388,0.317900527273783,0.48216247427407,0.352423661457361,"ns","ns","Ind","Th1/2"
"88","Hopx",0.121060178687004,0.229096662896091,0.1444368326215,0.603629106097374,0.274318015443934,0.623392975413264,"ns","ns","Ind","Th1/2"
"89","Hsh2d",0.21126470303874,0.569738864562919,0.107539126297683,0.0298381826265531,0.223280389346884,0.0413014392288447,"ns","sig","Th2like","Th1/2"
"90","Id1",0.756222816282008,0.436168724360294,0.0175525340243016,0.0070816164805932,0.0623242150138245,0.011883534505105,"ns","sig","Th2like","Th1/2"
"91","Ifi202b",0.0828636832753622,-0.379192301766081,0.0481397465235019,0.438102757514658,0.12681976234686,0.464654439788274,"ns","ns","Ind","Th1/2"
"92","Ifi202b.1",0.0101945634938669,0.200696954874459,0.792971822831647,0.763816603353936,0.865010286286288,0.77328540422196,"ns","ns","Ind","Th1/2"
"93","Ifi203",0.16993634620049,0.767686676119848,0.383159305964165,0.0204221904266015,0.539505919317359,0.0299606985300441,"ns","sig","Th2like","Th1/2"
"94","Ifi35",0.0817555732038612,0.410134972714278,0.780786175777208,0.0842840636092058,0.857814408365094,0.103766811981183,"ns","ns","Ind","Th1/2"
"95","Ifih1",0.0340905226189687,0.147332847692863,0.753683314131149,0.717009069121215,0.831767621451043,0.728909634583808,"ns","ns","Ind","Th1/2"
"96","Ifit2",-0.215508736667711,0.816457147127307,0.0672267635464506,0.000860818333545284,0.15964581791225,0.00208812368038212,"ns","sig","Th2like","Th1/2"
"97","Ifit2.1",-0.00152985924595892,0.898934586351444,0.987499888357225,7.89582998315412e-05,0.989967667414668,0.000358236730717178,"ns","sig","Th2like","Th1/2"
"98","Ifit3",0.103685635847727,0.897649355303029,0.0654732504157955,0.000551029841431649,0.15964581791225,0.00148354188077752,"ns","sig","Th2like","Th1/2"
"99","Ifit3.1",-0.14247523625279,0.928002435015132,0.0573583921362228,0.000111921237164744,0.144874289416233,0.000457011718422705,"ns","sig","Th2like","Th1/2"
"100","Ifitm3",0.335927521124603,0.353370637615483,0.000252010391719671,0.0248939673493115,0.00324960768270102,0.0356667953250369,"sig","sig","Superpos","Th1/2"
"101","Ifng",0.386854258585192,1.18949186833629,0.00111576357089606,3.58999007372286e-05,0.00911206916231782,0.000191205993056978,"sig","sig","Superpos","Th1/2"
"102","Ifng.1",0.384527790986592,1.51021036829792,0.00200090064437402,0.000123050081582835,0.0135674198098752,0.000478528095044358,"sig","sig","Superpos","Th1/2"
"103","Igtp",0.347810887567007,0.17581072833439,0.297642889005618,0.481814655931441,0.441954592765918,0.504464062834201,"ns","ns","Ind","Th1/2"
"104","Iigp2",0.87837346393634,0.355435827009567,0.166155268446544,0.160873873735392,0.301723565249471,0.18858420605345,"ns","ns","Ind","Th1/2"
"105","Il11ra1",0.190933194575207,0.717935314089992,0.0638147355051185,0.000332150373728903,0.15792535554297,0.00103008660207065,"ns","sig","Th2like","Th1/2"
"106","Il12rb2",0.471179630809277,0.655281146992466,0.000113764072341156,0.165236688509932,0.002228665621776,0.191862505615798,"sig","ns","Th1like","Th1/2"
"107","Il18r1",0.189399737489196,0.885779680693048,0.0116663075476393,7.1769357970762e-07,0.0447459713432635,1.75003414156926e-05,"sig","sig","Superpos","Th1/2"
"108","Il18rap",0.0679281351224442,0.87124951899307,0.192521051651136,0.156609942242759,0.323066148318687,0.184468441584019,"ns","ns","Ind","Th1/2"
"109","Il4",0.0332499667868277,1.04340326104173,0.734514197216034,1.14808614949113e-07,0.825486139073066,8.31110045262056e-06,"ns","sig","Th2like","Th1/2"
"110","Il4ra",0.451140130725213,0.822864830054961,0.33217911637847,0.013167644229039,0.47592914334927,0.0202897662648714,"ns","sig","Th2like","Th1/2"
"111","Inpp5a.1",0.330908984080321,0.715880023071514,0.136577156790101,0.000512070899327187,0.264748807299124,0.00144203873948461,"ns","sig","Th2like","Th1/2"
"112","Irf7",0.213487032613053,0.77071862096802,0.0246321622853505,0.000299563239530535,0.079712569725975,0.000978573249133081,"ns","sig","Th2like","Th1/2"
"113","Irf9",-0.119036857504143,0.803036099819996,0.520324166662566,0.000341452905049681,0.653740619652967,0.0010327896510762,"ns","sig","Th2like","Th1/2"
"114","Irf9.1",0.239469812619896,0.564480412259177,0.493394935184282,0.0948903765649932,0.642715895807235,0.115662399295638,"ns","ns","Ind","Th1/2"
"115","Irgm",1.34148491630434,0.522396005202308,0.0195848552340555,0.0148659418205586,0.0673803609028904,0.0224824428767707,"ns","sig","Th2like","Th1/2"
"116","Isg20",0.140945488649205,0.85252211377177,0.213408188301936,0.0105512368858432,0.34560458152599,0.0165708528014845,"ns","sig","Th2like","Th1/2"
"117","Itpr1",0.873504087060657,0.178406104342187,0.000641668997352548,0.421187526808175,0.00655037101464059,0.448656278556534,"sig","ns","Th1like","Th1/2"
"118","Kbtbd7.2",0.1335332105906,0.610798360457067,0.451013051342738,0.0243687132680726,0.60381528731678,0.0351196161804576,"ns","sig","Th2like","Th1/2"
"119","Klrd1",0.224073706725013,0.782627282861276,0.00623529187249158,5.40754728622848e-06,0.0277753910683716,6.62424542562989e-05,"sig","sig","Superpos","Th1/2"
"120","Klrk1.3",0.0837898120661562,0.799592537031982,0.223703854411131,0.0657726828610903,0.355892495654072,0.0830634396957068,"ns","ns","Ind","Th1/2"
"121","Ldhd",0.0922439220658766,1.03178306852413,0.516207893310527,1.87270049511702e-05,0.653740619652967,0.000125867976374534,"ns","sig","Th2like","Th1/2"
"122","Lgals3",0.140712259621646,1.12919368153323,0.0406304599323366,0.000930084058952827,0.114481044104679,0.00219106340811002,"ns","sig","Th2like","Th1/2"
"123","Lgals3bp",0.137291362141749,0.603881728241444,0.323623787574951,0.00320430539033478,0.469158745300965,0.00594738500478804,"ns","sig","Th2like","Th1/2"
"124","Lif.1",0.679952239007843,0.800081791609686,0.137237136844852,0.0289204969630149,0.264748807299124,0.0402586463405605,"ns","sig","Th2like","Th1/2"
"125","LOC435565",0.474402512269458,1.11960320657102,0.00579511420657145,0.233760487759566,0.0264269064239627,0.265144997690249,"sig","ns","Th1like","Th1/2"
"126","LOC625360",0.2560515554795,0.584852060907491,0.017454267481968,0.00152295598303081,0.0623242150138245,0.00318909586190212,"ns","sig","Th2like","Th1/2"
"127","Lrrk1.1",0.332687171503091,0.614533322182972,0.000590333336646975,0.0283064527786342,0.00648742842958511,0.0397296289103479,"sig","sig","Superpos","Th1/2"
"128","Ltbp1.4",-0.512922094587473,0.145107005661601,0.421190143830428,0.0576953049868465,0.586315825218494,0.0736216131342573,"ns","ns","Ind","Th1/2"
"129","Ly6a",0.839951640047457,0.25689196418422,8.632419258518e-07,0.215876762485248,7.04980906112303e-05,0.247148629948064,"sig","ns","Th1like","Th1/2"
"130","Ly6c1",0.571900955552744,0.158276162832593,5.08666215133618e-07,0.325364452223251,6.23116113538682e-05,0.358684755474756,"sig","ns","Th1like","Th1/2"
"131","Mapre2",0.515304962343054,0.656664013934215,0.0585258530447285,0.140560618558931,0.146314632611821,0.167987080716771,"ns","ns","Ind","Th1/2"
"132","Marcks",0.565434000280564,0.675866358202394,0.0116887435345668,0.000736710976142148,0.0447459713432635,0.00186076483664769,"sig","sig","Superpos","Th1/2"
"133","Matk.2",0.204161041289345,0.930663519582055,0.0256420295311674,2.36327376677118e-06,0.0815882757809872,3.67608023533254e-05,"ns","sig","Th2like","Th1/2"
"134","Mef2c.2",0.280878763555477,0.983081742787641,0.191226363995182,0.00217632017930858,0.323066148318687,0.00426558755144482,"ns","sig","Th2like","Th1/2"
"135","Mgll",0.358301882469056,0.730997395322688,0.188786591859302,1.90086331667664e-05,0.321936652211381,0.000125867976374534,"ns","sig","Th2like","Th1/2"
"136","Mgll.2",0.354768720283781,0.755578179289179,0.0713005854693011,9.10033832160755e-07,0.166368032761703,1.85798574066154e-05,"ns","sig","Th2like","Th1/2"
"137","Mitd1",0.0644875479829759,0.810734908644608,0.520127869493794,0.000633590235527984,0.653740619652967,0.00165137880536549,"ns","sig","Th2like","Th1/2"
"138","Mov10.1",-0.0817256593066003,1.0796275916898,0.212023735879054,1.21808678474488e-05,0.34560458152599,0.000105403261290745,"ns","sig","Th2like","Th1/2"
"139","Ms4a6b",0.334631008773717,0.611063140092176,0.136250203110047,0.0438915090199329,0.264748807299124,0.0591189578994139,"ns","ns","Ind","Th1/2"
"140","Ms4a6d.1",0.299292729478636,0.858212994754343,0.00498644586155456,0.000107246828837962,0.0249322293077728,0.000445347001106791,"sig","sig","Superpos","Th1/2"
"141","Msr2",0.18394525016447,1.55411792811854,0.825840551445125,0.00198646789579896,0.88537322797975,0.00405570528725621,"ns","sig","Th2like","Th1/2"
"142","Mtap6.2",0.0280994305160056,0.177069223913625,0.662395274410795,0.634394517308289,0.770879123127096,0.647611069752212,"ns","ns","Ind","Th1/2"
"143","Mtap6.3",0.150587901089855,-0.656942620653933,0.0183267172203473,0.0439169401538503,0.0641435102712156,0.0591189578994139,"ns","ns","Ind","Th1/2"
"144","Muc13",-0.0376561796012004,0.244882918998444,0.70915429026685,5.15537065650792e-05,0.815693901950133,0.000263138710592592,"ns","sig","Th2like","Th1/2"
"145","Mx1",0.0650701267688397,0.402073575905471,0.0980681172253824,0.229522954776345,0.205356313848023,0.261549413582347,"ns","ns","Ind","Th1/2"
"146","Mxra8",0.0373044008863731,1.05212024032511,0.80204364059318,0.000574308835857884,0.869472088253669,0.00152940939983893,"ns","sig","Th2like","Th1/2"
"147","Myo6.1",0.502729072225459,0.703622696296418,0.000910057702237599,1.247630439768e-05,0.00817746753912954,0.000105403261290745,"sig","sig","Superpos","Th1/2"
"148","Nat5.2",0.172836931235111,0.902345456158306,0.130454389721941,9.76685627026563e-05,0.261978077720291,0.000419803471265803,"ns","sig","Th2like","Th1/2"
"149","Nelf.1",0.547893766313639,0.415791661989878,0.254653074396773,0.145325357483102,0.399935918123137,0.172838410598835,"ns","ns","Ind","Th1/2"
"150","Nkg7",0.0721114773001513,0.894281889342079,0.527726276250127,0.00129792528478371,0.659657845312659,0.00281408579444256,"ns","sig","Th2like","Th1/2"
"151","Nod1",0.272797636217668,0.79553279580504,0.00104789910796637,5.01066391064881e-06,0.00885294073971588,6.46111925320505e-05,"sig","sig","Superpos","Th1/2"
"152","Nqo2",-0.0395133669796317,0.839403820476001,0.674458551153977,0.00529951754882784,0.779445023739266,0.00914353379903395,"ns","sig","Th2like","Th1/2"
"153","Nrp1",0.372664916849194,-0.198467368887639,0.436815489421241,0.362244455189802,0.590475077639824,0.394443962317784,"ns","ns","Ind","Th1/2"
"154","Nrp1.1",0.328254828865584,-0.206558710482695,0.49580940533701,0.413971138195662,0.642715895807235,0.445155203642718,"ns","ns","Ind","Th1/2"
"155","Ntrk3.1",0.459627162880485,0.435342286088374,0.115917795746208,0.000662691995316676,0.236665499648508,0.00170904777739564,"ns","sig","Th2like","Th1/2"
"156","Ntrk3.2",0.604862667770663,0.319453485163777,0.195748362258935,0.0100080312345619,0.326247270431558,0.0159636506613212,"ns","sig","Th2like","Th1/2"
"157","Nts",0.125646585032354,0.617329856307124,0.462028725432223,2.48846021093702e-06,0.615201292015732,3.67608023533254e-05,"ns","sig","Th2like","Th1/2"
"158","Oas1b",0.0933620145990238,0.820997349778778,0.330084227892818,0.00013906442167187,0.475709622551414,0.000516223989539517,"ns","sig","Th2like","Th1/2"
"159","Oas1g",-0.0519506419646517,0.674514305525989,0.427923346034112,0.153641048849926,0.588995616732345,0.181845685836869,"ns","ns","Ind","Th1/2"
"160","Oas1g.3",0.0202364095167661,0.546690444925946,0.730269705765845,0.0871236798516256,0.825415122312641,0.106726507818241,"ns","ns","Ind","Th1/2"
"161","Oas2",-0.0204403323117053,0.932073772637322,0.866621029106983,0.00088005025605335,0.907359624492354,0.0021138462032654,"ns","sig","Th2like","Th1/2"
"162","Oasl1",0.289692898903279,0.95645824783212,0.0087580931158971,0.022467516356954,0.0363683527694032,0.0325712515233949,"sig","sig","Superpos","Th1/2"
"163","Oasl1.2",0.349044882667151,0.872649996660933,0.0201439670595831,0.0456967200982341,0.0676064647890118,0.0611786689839746,"ns","ns","Ind","Th1/2"
"164","Oasl2",-0.00648109457872941,-0.492937894961893,0.851953624851749,0.414266883389958,0.895831064758277,0.445155203642718,"ns","ns","Ind","Th1/2"
"165","Oasl2.1",-0.0740620474302625,0.505130110182869,0.615049661308362,0.388018409718523,0.73505935131975,0.420639426464771,"ns","ns","Ind","Th1/2"
"166","Ociad2",0.350573542506256,0.630310171827609,0.0123291274596362,0.000242033513723913,0.0464713265786287,0.000801327173815658,"sig","sig","Superpos","Th1/2"
"167","P2ry14",0.0901625782635147,0.747846022530115,0.0133383183903422,8.10327824294897e-06,0.0495134546308157,8.40820938064208e-05,"sig","sig","Superpos","Th1/2"
"168","P2ry14.2",0.121939435494318,0.864409461106456,0.00646633933676237,8.5798054904511e-06,0.0282902345983354,8.40820938064208e-05,"sig","sig","Superpos","Th1/2"
"169","Parp12",0.0242237553079563,1.03511536083526,0.847833185790257,0.00333009054889915,0.895341079821608,0.00613437732691949,"ns","sig","Th2like","Th1/2"
"170","Parp14",0.195892626359322,0.712872556614491,0.472603234125389,0.00226726427109852,0.622515012692045,0.0044085694160249,"ns","sig","Th2like","Th1/2"
"171","Phf11",0.217097317509888,0.640310763354591,0.000800060951130711,0.000146103127323312,0.00753903588565478,0.000526400973444286,"sig","sig","Superpos","Th1/2"
"172","Phf11.2",0.231522422197884,0.677129806692006,9.56920739728837e-06,1.92233532620464e-06,0.00046889116246713,3.6228627301549e-05,"sig","sig","Superpos","Th1/2"
"173","Phldb1",0.185565099723262,0.596635888479938,0.129968734041687,6.19379613599547e-05,0.261978077720291,0.00029182308717671,"ns","sig","Th2like","Th1/2"
"174","Pik3ap1",0.474148100050832,1.20619419039069,0.000761667423922283,0.0145972229975135,0.00746434075443837,0.0222131654309988,"sig","sig","Superpos","Th1/2"
"175","Pim2.1",0.074705646999452,1.04682290768418,0.794397201691489,0.000180088384137792,0.865010286286288,0.000612800751579987,"ns","sig","Th2like","Th1/2"
"176","Pip5k1b",0.332760722683932,0.651235361339366,0.166255842076239,0.000312532363097897,0.301723565249471,0.000990072372790076,"ns","sig","Th2like","Th1/2"
"177","Plac8",0.69163720274425,0.227297073860035,1.77211320089171e-07,0.104466314744595,4.34167734218469e-05,0.12670419362587,"sig","ns","Th1like","Th1/2"
"178","Pld4",0.310630081134124,0.67324328138841,0.0106741623254624,0.00423827608811659,0.0428716355694801,0.00763512971756297,"sig","sig","Superpos","Th1/2"
"179","Pon2",1.03063229664403,0.654111918742126,0.00204895727740973,1.76445809499865e-05,0.0135674198098752,0.000125867976374534,"sig","sig","Superpos","Th1/2"
"180","Pparg.2",0.407043939017595,0.586839241582882,0.189219909871179,2.37524360570998e-05,0.321936652211381,0.000153140706157617,"ns","sig","Th2like","Th1/2"
"181","Ppp3ca.2",0.616168477088486,0.325283864633325,0.00474014988754423,0.0664816620038812,0.0247685905012763,0.0835282420048764,"sig","ns","Th1like","Th1/2"
"182","Prdx5.1",0.277428460557959,0.8087810133631,0.180768434648276,6.91227919168868e-05,0.321936652211381,0.000319529887162967,"ns","sig","Th2like","Th1/2"
"183","Prr15",0.288063920725523,0.563836185932437,0.293042870445429,9.16707721151556e-05,0.440463210178712,0.000401059628003806,"ns","sig","Th2like","Th1/2"
"184","Ptpn12",0.0239862500442041,0.829609732912393,0.927040317494704,0.0016751945090157,0.950313296176579,0.00347815809075294,"ns","sig","Th2like","Th1/2"
"185","Rab33a",0.315618061509973,1.00941382483388,0.0030746021215442,4.69798696025529e-07,0.018241396585052,1.56829756861684e-05,"sig","sig","Superpos","Th1/2"
"186","Rexo2",-0.0824796647680748,1.07715631008807,0.721666591933367,0.000129162030323962,0.822364255924069,0.000486841498913395,"ns","sig","Th2like","Th1/2"
"187","Rhobtb1",0.387737748951478,0.753572108570026,0.00180252259124107,2.89863956735838e-05,0.0126176581386875,0.000170411533007254,"sig","sig","Superpos","Th1/2"
"188","Ripk3",0.122921756238825,0.68874221600614,0.564723394052453,0.0303804844993273,0.688344435536572,0.0418158354063775,"ns","sig","Th2like","Th1/2"
"189","Rnf213",0.139298632021818,0.777702139889315,0.274138390603093,0.00102651147986971,0.418733675545095,0.00239519345302932,"ns","sig","Th2like","Th1/2"
"190","Rsad2",0.0608144754778645,0.604152096240762,0.259863974379007,0.00146472696583935,0.405520214795266,0.00312050527504905,"ns","sig","Th2like","Th1/2"
"191","Rtp4",0.0724006532071977,1.56662875799646,0.731081965476911,0.00626234708267873,0.825415122312641,0.0106546877448353,"ns","sig","Th2like","Th1/2"
"192","Samhd1",0.360755247844125,0.34616542064015,0.0288991245248227,0.0100342947014019,0.0874978401737363,0.0159636506613212,"ns","sig","Th2like","Th1/2"
"193","Sco1",0.235786897113971,0.639818184003598,0.00312709655743749,0.00364283565159072,0.018241396585052,0.00666040846746064,"sig","sig","Superpos","Th1/2"
"194","Sco1.1",0.00358420886068935,1.02969057218921,0.988377047508991,0.050582067246717,0.989967667414668,0.0655693464309294,"ns","ns","Ind","Th1/2"
"195","Sema4b",0.114968741710709,0.868335445038301,0.517915799069564,0.0476296625238107,0.653740619652967,0.062402499028522,"ns","ns","Ind","Th1/2"
"196","Serpina3f",0.676389038952763,1.25184462034927,0.0735018343477375,0.326476328452533,0.16829859266538,0.358684755474756,"ns","ns","Ind","Th1/2"
"197","Sgk3.1",0.0984429471350112,0.852666544956621,0.466621534895162,0.00011562461335603,0.617958248915215,0.000464393938888973,"ns","sig","Th2like","Th1/2"
"198","Shh",-0.238649541134451,0.598619903076245,0.827552935540256,0.00212799942699798,0.88537322797975,0.00420451499689117,"ns","sig","Th2like","Th1/2"
"199","Slc17a6",0.20065676914901,0.665325782021218,0.0265737405088256,0.264261047257599,0.083468800316183,0.295634504922885,"ns","ns","Ind","Th1/2"
"200","Slfn1",0.23447390069017,0.863870343775983,0.0792668281471761,5.9807022434184e-05,0.177141359562192,0.000287308245026962,"ns","sig","Th2like","Th1/2"
"201","Sln",-1.51666240239259,0.466267869363396,0.0108637515918374,5.1209716526264e-07,0.0429293409677446,1.56829756861684e-05,"sig","sig","Superpos","Th1/2"
"202","Smpdl3b",-0.416308018303869,0.908197314447444,0.0795328553136373,2.78612284280325e-05,0.177141359562192,0.000170411533007254,"ns","sig","Th2like","Th1/2"
"203","Snx10",0.105933129252911,0.831121820321323,0.214415903640614,0.000704298704112213,0.34560458152599,0.00179742898445304,"ns","sig","Th2like","Th1/2"
"204","Sp100",0.171442322269173,0.722063953285216,0.201460335321132,0.000542036076719,0.331260282910586,0.00148354188077752,"ns","sig","Th2like","Th1/2"
"205","Sp100.1",0.413799628859111,0.622001087838084,0.0389219127127766,0.0153794834530114,0.113522245412265,0.0231164015091276,"ns","sig","Th2like","Th1/2"
"206","Spsb1",0.0620758251200023,0.774148343729458,0.572481582493483,0.0001768109576446,0.694346473816353,0.000610122318632775,"ns","sig","Th2like","Th1/2"
"207","St3gal1",0.37814663919993,0.769091007193515,0.323585475276567,6.6055853268638e-06,0.469158745300965,7.35622002309832e-05,"ns","sig","Th2like","Th1/2"
"208","St3gal1.1",-0.309138253800947,0.852684489625655,0.391246696973586,1.59059758449124e-05,0.54774537576302,0.000121780127562611,"ns","sig","Th2like","Th1/2"
"209","St3gal6",0.711984503256011,0.429485978097859,0.000231731675022226,0.00186350438428685,0.00315412557669141,0.00383662667353175,"sig","sig","Superpos","Th1/2"
"210","Stambpl1",-0.112740312007967,0.899856729726565,0.712955313257853,0.000142948241976494,0.81623388667371,0.000522721183346881,"ns","sig","Th2like","Th1/2"
"211","Stat1",0.567673865449437,0.378527298328384,0.00484316059703224,0.0257462423873926,0.0247685905012763,0.0364614415312785,"sig","sig","Superpos","Th1/2"
"212","Stat2",0.376599286590486,0.416183051520778,0.0427788502984205,0.161811324861034,0.118729743091723,0.18877987900454,"ns","ns","Ind","Th1/2"
"213","Suhw2",-0.125351581349894,1.04467068681764,0.745886523276895,0.00257930087183796,0.82874100082164,0.00497581664252205,"ns","sig","Th2like","Th1/2"
"214","Sypl.1",0.417878449019296,0.819046463731472,0.186214342465484,0.00428816013075108,0.321936652211381,0.007668607533095,"ns","sig","Th2like","Th1/2"
"215","Tap1",0.274403841464317,0.529272203885951,0.436715670345945,0.0805950232712981,0.590475077639824,0.0997261651589295,"ns","ns","Ind","Th1/2"
"216","Tap2",-0.0457918964696115,0.82428126037478,0.878097574703917,0.00264441081407897,0.912409933033283,0.00506156757382303,"ns","sig","Th2like","Th1/2"
"217","Tapbpl.2",0.618119070358092,0.362918155706828,0.0242291306852334,0.0466795902391892,0.079712569725975,0.0619074925660248,"ns","ns","Ind","Th1/2"
"218","Tarbp2.1",0.0628993574913236,0.712980919250995,0.747558208904418,0.00138505430356301,0.82874100082164,0.00297665179274506,"ns","sig","Th2like","Th1/2"
"219","Tdrd7",0.293968894242547,0.596667386169405,0.000303963211268337,0.00473619420736809,0.00372354933803713,0.00834796820723152,"sig","sig","Superpos","Th1/2"
"220","Tec",0.258819601062441,0.67265610073324,0.272365522340747,0.00121045456493714,0.418733675545095,0.00267172403972612,"ns","sig","Th2like","Th1/2"
"221","Tiam1",-0.293285327708897,0.896491566041921,0.278314402551272,1.34225012156244e-05,0.420907584105319,0.000106773529790844,"ns","sig","Th2like","Th1/2"
"222","Timd2",-0.88239867872362,0.557899176464354,0.055067328626349,6.1984655119079e-06,0.1420157422469,7.23154309722588e-05,"ns","sig","Th2like","Th1/2"
"223","Tlr7",-0.104341418170126,0.788652555911254,0.367472076175498,0.00108367003283717,0.520408431578017,0.00245832553745469,"ns","sig","Th2like","Th1/2"
"224","Tmem65",0.322745281072921,0.814670616195882,0.0473610562448434,3.06045202135476e-05,0.126124551956376,0.000170411533007254,"ns","sig","Th2like","Th1/2"
"225","Tnfsf13b",0.862354638512871,0.292912589568287,0.00531623148311777,0.00456519248215006,0.0260495342672771,0.00810487071106351,"sig","sig","Superpos","Th1/2"
"226","Trim21",0.00959129319174591,0.808614917532569,0.960172357961701,0.000126782733790257,0.98017594875257,0.000485340152790828,"ns","sig","Th2like","Th1/2"
"227","Trim25",0.380290450858307,-0.23041145431373,0.00156794360399261,0.568766149959932,0.0115328421420424,0.590456384492302,"sig","ns","Th1like","Th1/2"
"228","Trim34",0.161101197616925,0.813339440849779,0.0912505211738548,0.000312331287642427,0.196108576206969,0.000990072372790076,"ns","sig","Th2like","Th1/2"
"229","Trim34.1",0.135548126025875,0.786318295880759,0.165843589925572,0.00118118910786346,0.301723565249471,0.00265496634336282,"ns","sig","Th2like","Th1/2"
"230","Tspan6",0.584837846532295,0.44405709452925,0.0569383292937321,0.0125736147317007,0.144874289416233,0.019569573569691,"ns","sig","Th2like","Th1/2"
"231","Tspan6.1",0.361865709048929,0.562553947939511,0.00214649836259296,2.74372104609946e-05,0.013839265758823,0.000170411533007254,"sig","sig","Superpos","Th1/2"
"232","Ttc27",0.740749134717711,0.419426986977512,0.0852321722072079,0.244067593409431,0.187400939459415,0.275560186107422,"ns","ns","Ind","Th1/2"
"233","Ube2f.1",0.744375665654065,0.298230117189107,0.00019937160576015,0.046914577847148,0.00287329667124922,0.0619074925660248,"sig","ns","Th1like","Th1/2"
"234","Ube2f.2",0.555544845926091,-0.036691887250513,0.0677680206647919,0.932835138211591,0.15964581791225,0.932835138211591,"ns","ns","Ind","Th1/2"
"235","Ube2l6",0.163841931543594,0.633409451988826,0.546795369129675,0.5010499449332,0.673190278576735,0.522371219185677,"ns","ns","Ind","Th1/2"
"236","Ube2q2.2",0.465732930059741,0.710277520901267,0.1703638375126,0.0126203780571885,0.306905442577846,0.019569573569691,"ns","sig","Th2like","Th1/2"
"237","Usp18",0.23230285247786,0.545778314334768,0.0151767084514965,0.0435589463718328,0.0554969189644275,0.0591189578994139,"ns","ns","Ind","Th1/2"
"238","Usp18.1",0.286685630003596,0.924481290319591,0.0276802650223466,0.0527212796423199,0.0858438598794293,0.0676267723160648,"ns","ns","Ind","Th1/2"
"239","Vezf1",0.302570666017309,0.589063236355311,0.00572658061594038,0.00203654510692181,0.0264269064239627,0.00411220491871742,"sig","sig","Superpos","Th1/2"
"240","Wipi2",0.2601055179309,0.764872147224643,0.219567184881001,0.041836531865937,0.351594511737551,0.0572622922187406,"ns","ns","Ind","Th1/2"
"241","Zbp1.1",-0.0796374824029869,0.324352480860012,0.553944785649625,0.460079680512072,0.678582362420791,0.483774771353895,"ns","ns","Ind","Th1/2"
"242","Zbtb32",0.20126968489518,1.1729146266341,0.0667998629522645,0.0100014407592743,0.15964581791225,0.0159636506613212,"ns","sig","Th2like","Th1/2"
"243","Zbtb32.1",0.318576169376306,0.720856076677257,0.00485262181249495,0.000815381909314668,0.0247685905012763,0.00199768567782094,"sig","sig","Superpos","Th1/2"
"244","Zfp768",0.499190510219484,0.483289355795519,0.0864789765964158,0.0179531318265656,0.187498666071875,0.0268202274238328,"ns","sig","Th2like","Th1/2"
"245","Znfx1",0.14002986135301,0.782748910641134,0.437723441043545,0.000122988142660482,0.590475077639824,0.000478528095044358,"ns","sig","Th2like","Th1/2"
"246","1110067D22Rik",1.22737398266361,-0.248098950860072,2.77999894600794e-05,0.262351230984209,0.000154541034084645,0.5248899822398,"sig","ns","Th1like","Th0"
"247","2010001M09Rik",1.01980134082703,-0.332056624951086,0.0172199156969711,0.209778998018161,0.0220883735379996,0.454830570924331,"sig","ns","Th1like","Th0"
"248","2310004I24Rik",0.472223842177747,0.0379130649225767,0.00386570473544625,0.897076057866827,0.00607113884733546,0.95558101816249,"sig","ns","Th1like","Th0"
"249","2510009E07Rik",0.839847452857188,0.0167464332772328,0.0064980998546064,0.948384704658824,0.00931895797177573,0.973246451234051,"sig","ns","Th1like","Th0"
"250","2510009E07Rik.2",0.668057981410294,0.178655938146541,0.000835928191620948,0.325745114319714,0.00160001880427447,0.585108585045533,"sig","ns","Th1like","Th0"
"251","4930539E08Rik",0.451389770368279,0.333939910381833,2.50223935431791e-05,0.0993014737059626,0.000154541034084645,0.295710895351722,"sig","ns","Th1like","Th0"
"252","5730469M10Rik",0.798763029916133,0.0956242666751614,0.00064584392458337,0.091425243936483,0.00130770050845393,0.279989809555479,"sig","ns","Th1like","Th0"
"253","9930111J21Rik",1.35702516645938,-0.25871386139942,0.000100319173221906,0.314970633724213,0.000319941141288901,0.572301930457363,"sig","ns","Th1like","Th0"
"254","Actr3b",-0.347812645580406,1.66346495477123,0.276777499910438,3.11540132454646e-06,0.305452646297555,0.000381636662256941,"ns","sig","Th2like","Th0"
"255","Adar",0.748612845277717,1.29483806882008,0.000349665313214009,0.00791163509422884,0.000778800015794838,0.055745133499685,"sig","ns","Th1like","Th0"
"256","Adora3.1",-0.0531843198995175,0.0152223907285955,0.831055951682911,0.768348601305587,0.84484941146188,0.875560034045902,"ns","ns","Ind","Th0"
"257","Aff4",0.806855650440618,0.149510179293281,0.000586419867198608,0.275852001174924,0.00121756667342084,0.539207657646025,"sig","ns","Th1like","Th0"
"258","AI451557",1.68796674720443,-0.157892582900809,7.80536819375026e-05,0.128279848930422,0.000281222824627767,0.334346414765462,"sig","ns","Th1like","Th0"
"259","AI451617",0.855963231778521,1.80589699045895,7.92166487632143e-08,0.00515057789490761,1.94080789469875e-05,0.0450675565804416,"sig","sig","Superpos","Th0"
"260","Akr1c18",0.894315041333202,0.358621432549694,0.000121030081036722,0.000926770929118307,0.000357257468120444,0.0151372585089323,"sig","sig","Superpos","Th0"
"261","Amica1",1.07047564827616,0.465468738685591,5.43015503544648e-06,0.342888352240705,5.12212852076421e-05,0.587466058034774,"sig","ns","Th1like","Th0"
"262","Antxr2",1.07039096792727,-0.0174661754913287,4.41937597246327e-05,0.869059530990422,0.000196863111500637,0.954578624322037,"sig","ns","Th1like","Th0"
"263","Aqp9",0.34748766928069,0.0327688218721411,4.52756465015657e-05,0.645302088802718,0.00019808095344435,0.805521988596205,"sig","ns","Th1like","Th0"
"264","Armcx6.1",0.343514197735767,-0.0428207037485726,2.99835081097235e-05,0.134268970219464,0.000159694771453962,0.346272607408091,"sig","ns","Th1like","Th0"
"265","Atp10a",1.2392191817141,0.187914057432501,9.36400384984973e-05,0.504626956400172,0.000310024451785565,0.710537955850817,"sig","ns","Th1like","Th0"
"266","BC006779",1.07462728783327,0.042011411391784,3.62004675379021e-05,0.730652419367748,0.0001699200690886,0.844386050684426,"sig","ns","Th1like","Th0"
"267","BC094916",1.05618292909635,-0.137591739642967,0.000796332961295358,0.629979451541078,0.00155240123577778,0.79559260632765,"sig","ns","Th1like","Th0"
"268","BC094916.1",0.942367699114196,-0.0409615318310359,8.53704492715426e-05,0.713696926618778,0.000298796572450399,0.832646414388574,"sig","ns","Th1like","Th0"
"269","Bst2",0.829193828096092,-0.488906373163054,0.00238821140840712,0.295494358930502,0.00400761503465578,0.552642121663916,"sig","ns","Th1like","Th0"
"270","Bzrap1",0.724325752546709,-0.0159827386544535,0.00284333748243577,0.79323220456133,0.00467528646440781,0.895584747085373,"sig","ns","Th1like","Th0"
"271","C030048B08Rik.1",0.844694149860875,0.28659036312516,0.000432681522415954,0.167152562197087,0.000947458687255288,0.401493899394964,"sig","ns","Th1like","Th0"
"272","C730027P07Rik",-0.201071880211206,0.0755687798408666,0.567500922722667,0.108858339674014,0.596728438056023,0.299666215956555,"ns","ns","Ind","Th0"
"273","Casp1",0.844614149437212,-0.0687258962882072,0.00010308879804511,0.749125585422982,0.000323804557962205,0.858973372422221,"sig","ns","Th1like","Th0"
"274","Casp6",0.568752393623167,-0.132771042346494,0.00844252685722749,0.496183563572182,0.0116203319102288,0.710537955850817,"sig","ns","Th1like","Th0"
"275","Ccr5",0.0480531119388401,0.155701590275633,0.0864067874071447,0.315350043313241,0.0993880888016453,0.572301930457363,"ns","ns","Ind","Th0"
"276","Ccr5.1",0.0709321415137004,-0.132718847672425,0.0723252727350576,0.599639988461737,0.0839795820857304,0.769171712948301,"ns","ns","Ind","Th0"
"277","Ccr5.2",0.186593853338792,0.621291022953328,0.00144825046287803,0.00349226183325771,0.00255267167917351,0.0370616502645203,"sig","sig","Superpos","Th0"
"278","Cd80",1.07144743133842,0.0834125621856215,3.19384535243887e-05,0.727120858837133,0.000164229336807264,0.844287253152121,"sig","ns","Th1like","Th0"
"279","Cd86",1.53067911316908,-0.285246082129158,0.000254611519113176,0.0676461898400387,0.000588488888516303,0.23727499072039,"sig","ns","Th1like","Th0"
"280","Cd86.1",1.33829063862281,-0.39813590614314,0.000171679114948133,0.0243822601296203,0.000430080510788208,0.118689487198386,"sig","ns","Th1like","Th0"
"281","Cd86.2",1.71464847534681,-0.321103672649402,4.82206477560448e-05,0.0205336813893004,0.00020726418772335,0.109364172616926,"sig","ns","Th1like","Th0"
"282","Cdc42se1.1",0.861614698347776,0.0934644051195073,0.00741956158314027,0.614514235203794,0.010491017348973,0.780082837434868,"sig","ns","Th1like","Th0"
"283","Ch25h",0.207799278007223,0.72577036693071,0.00981478350469034,0.0707365990529683,0.0134336422270901,0.244091081239116,"sig","ns","Th1like","Th0"
"284","Clec2e",0.84447562634584,0.00756838453083384,0.000454698956249494,0.93869421565079,0.000985851719302,0.973246451234051,"sig","ns","Th1like","Th0"
"285","Clpx",0.673825993382203,-0.0494346990611753,0.0178514001209569,0.686708249306069,0.0226611037804893,0.824723142548955,"sig","ns","Th1like","Th0"
"286","Cox7a1",0.681569975553074,0.332779005854571,0.000268841470842057,0.00148767363319921,0.00061557159211499,0.0202488911185448,"sig","sig","Superpos","Th0"
"287","Csprs",1.15163405655396,0.068495419938734,2.77650193392218e-06,0.679158290845315,4.25151858631834e-05,0.823664149431357,"sig","ns","Th1like","Th0"
"288","Ctsw",0.32657192931236,0.730742022134978,0.000147195208682325,5.63932828923683e-07,0.00040292492393367,0.000138163543086302,"sig","sig","Superpos","Th0"
"289","Cuedc1",0.865770838026175,0.244998667062859,0.000131394449678373,0.0018763301223428,0.000374321397339551,0.0241947831565256,"sig","sig","Superpos","Th0"
"290","Cxcr3",0.413957064111167,0.7997904963739,0.0077039638471942,0.00123330554386683,0.0107242678554692,0.0188849911404608,"sig","sig","Superpos","Th0"
"291","D14Ertd668e.1",1.08567143854897,0.0214305380853596,3.41876657455839e-06,0.878712898598551,4.4331617982878e-05,0.954578624322037,"sig","ns","Th1like","Th0"
"292","D330045A20Rik",0.11208164839122,0.00498974427665525,0.744973786268255,0.818608371596333,0.766884779982027,0.915794753612336,"ns","ns","Ind","Th0"
"293","D330045A20Rik.1",0.197819573112644,0.0716372266666918,0.513920752142692,0.101386592692019,0.545067464393764,0.295710895351722,"ns","ns","Ind","Th0"
"294","D330045A20Rik.2",0.0318992791363608,0.00495278967027802,0.94349588751006,0.917484733342231,0.947362673934282,0.966606642341716,"ns","ns","Ind","Th0"
"295","Dbndd2.2",1.10050281017569,-0.339806935329931,0.00135209450730268,0.0373699002209263,0.00243575848742027,0.155180094137745,"sig","ns","Th1like","Th0"
"296","Ddx26b",0.808009796215615,0.191669908144257,4.5262672196335e-06,0.086379815442795,5.12212852076421e-05,0.274844867317984,"sig","ns","Th1like","Th0"
"297","Ddx58",1.20670612337739,-0.0879271129257145,0.000183658033635073,0.699440272429158,0.000445507111292999,0.829424177816059,"sig","ns","Th1like","Th0"
"298","Ddx60",1.31628723116946,-0.232267953425393,3.71222118245074e-07,0.112047083316358,3.03164729900144e-05,0.305017060138975,"sig","ns","Th1like","Th0"
"299","Dusp14",1.12143795620796,0.230488752757986,0.00439456324418947,0.571714751489107,0.00672917496766513,0.748490364628856,"sig","ns","Th1like","Th0"
"300","Edn1",0.355654692371745,-0.0585057577156511,0.636406544744245,0.501494363976338,0.66348767430783,0.710537955850817,"ns","ns","Ind","Th0"
"301","Efna5",1.21318697855753,0.0634587659530334,0.00370719557594182,0.477687746861702,0.0058978111435438,0.701293447955272,"sig","ns","Th1like","Th0"
"302","EG240327",1.01921579197693,1.33835458181892,1.38320280325923e-05,0.0492856963015124,0.000102692329332882,0.188671806154227,"sig","ns","Th1like","Th0"
"303","Emr1",0.837110563785945,0.0396241353176387,0.000100347110298084,0.122702863276265,0.000319941141288901,0.323249478523494,"sig","ns","Th1like","Th0"
"304","Endod1",1.09865880421782,-0.691625190274169,0.00138816081154779,0.0251912380992493,0.00248247736371685,0.118689487198386,"sig","ns","Th1like","Th0"
"305","Enpp4",0.423003421052353,0.124336239169868,0.0634482112447385,0.289736107496348,0.0747346718988506,0.550156798784111,"ns","ns","Ind","Th0"
"306","Eomes",0.688934692338913,0.439520395372549,5.84076116094899e-05,0.0182498432718783,0.000228744851409478,0.101618445491141,"sig","ns","Th1like","Th0"
"307","Etv6",0.368546979019714,0.346106526423038,0.00378585330976256,0.0588213062399977,0.00598409071543114,0.211929706305874,"sig","ns","Th1like","Th0"
"308","Fcrls",0.417792385238595,-0.019044156236239,0.0843846100819531,0.484082009583174,0.097519950330559,0.70177569436614,"ns","ns","Ind","Th0"
"309","Fes",0.148863497010467,0.211426472238399,0.0542619350242163,0.187851985744375,0.0645348256355971,0.426145708401591,"ns","ns","Ind","Th0"
"310","Ffar2",-0.000962555341330213,0.468045468761368,0.987114318598176,0.187390692695991,0.987114318598176,0.426145708401591,"ns","ns","Ind","Th0"
"311","Fgl2",0.524481917417358,-0.382541341775207,0.000577983796272874,0.578430769741564,0.00121030794946029,0.749817664479805,"sig","ns","Th1like","Th0"
"312","Fos",0.673079341946144,0.265713872522415,5.88201046481516e-05,0.0271980643890435,0.000228744851409478,0.119219496557297,"sig","ns","Th1like","Th0"
"313","Foxq1",0.375384251192646,0.103458302470842,0.191899939832577,0.164560908844218,0.214682581091239,0.401493899394964,"ns","ns","Ind","Th0"
"314","Fscn1",0.223411990382254,0.67215825476421,0.0117875791618467,0.00343283346839129,0.0159555629538809,0.0370616502645203,"sig","sig","Superpos","Th0"
"315","Furin",-0.0329955540679191,0.584122932361661,0.685163241804644,0.000647665463557432,0.708291114945729,0.0128501541041993,"ns","sig","Th2like","Th0"
"316","Furin.2",0.0315211095957124,0.647578471426856,0.676988067962387,0.000150465683539836,0.702805409537224,0.00434633696879668,"ns","sig","Th2like","Th0"
"317","Gata3",0.577195214745551,0.117536104927666,0.0151913349970327,0.478024513504206,0.0195888267067001,0.701293447955272,"sig","ns","Th1like","Th0"
"318","Gbp1",0.784351647927324,-0.260496476841646,0.0257141739260296,0.438806302309279,0.0317250701507859,0.663626815220823,"sig","ns","Th1like","Th0"
"319","Gbp3.1",0.671118856191228,-0.1046711127303,0.00602734142448528,0.338914195814361,0.00873786182839582,0.586491984212291,"sig","ns","Th1like","Th0"
"320","Gbp5",0.810951736951099,-0.335437695251438,0.00122907738364405,0.371835810541902,0.00228124211358176,0.61972635090317,"sig","ns","Th1like","Th0"
"321","Gbp5.1",0.78275316667223,-0.822902505089721,0.000242586898083901,0.0323808595160248,0.000566036095529102,0.136781216921139,"sig","ns","Th1like","Th0"
"322","Gbp6",1.05936292040528,-0.228407425720675,0.00745968237350042,0.339925966359777,0.010491017348973,0.586491984212291,"sig","ns","Th1like","Th0"
"323","Gbp6.1",0.9624713316403,-0.326742686899983,0.0038957526801812,0.103684424205028,0.00607935927798977,0.298855105061551,"sig","ns","Th1like","Th0"
"324","Gnaq.2",0.458721424368818,0.437161900884884,0.00749358382069498,0.0891302818177935,0.010491017348973,0.27995367554688,"sig","ns","Th1like","Th0"
"325","Gnpda1",0.64721683119877,0.0480683675377248,0.0297931874836955,0.67963411834336,0.0363150792711711,0.823664149431357,"sig","ns","Th1like","Th0"
"326","Gnpda1.1",0.737582773986065,0.0369826187841857,1.86978354660836e-05,0.387710036742827,0.000127249158033069,0.6201942080272,"sig","ns","Th1like","Th0"
"327","Gpr114",0.958783650829,0.0146783241249748,5.10408794942159e-06,0.953384278759887,5.12212852076421e-05,0.973246451234051,"sig","ns","Th1like","Th0"
"328","Gvin1",1.36549730428768,0.124459832319748,0.00017554306562784,0.384809342111258,0.000430080510788208,0.6201942080272,"sig","ns","Th1like","Th0"
"329","Gypc",0.783796688227351,0.157299195238769,0.000197679699366471,0.118289013455428,0.000470208993638693,0.31500878583239,"sig","ns","Th1like","Th0"
"330","H2-T10.1",1.07551218473613,0.0762372759778845,1.50898641337554e-06,0.573753416724816,4.24518181843875e-05,0.748490364628856,"sig","ns","Th1like","Th0"
"331","H2-T23.1",1.37601279208709,-0.0141252303090047,6.46698657726113e-05,0.909254152954472,0.000247564329910778,0.964360465254743,"sig","ns","Th1like","Th0"
"332","H28",1.16550241602938,-1.08031131855368,2.53145435448211e-05,0.0902707770130756,0.000154541034084645,0.27995367554688,"sig","ns","Th1like","Th0"
"333","Hopx",0.0565169867169486,0.546275942259778,0.269689956136698,0.0824526558164448,0.298977553183217,0.265801324671434,"ns","ns","Ind","Th0"
"334","Hsh2d",1.23389816058404,0.0423961038640824,8.85287324389118e-05,0.884346974567211,0.000302858591306836,0.954578624322037,"sig","ns","Th1like","Th0"
"335","Id1",0.681394044756986,0.116567471551246,0.000687392515598829,0.0760794403076506,0.00138041939607962,0.251884633451005,"sig","ns","Th1like","Th0"
"336","Ifi202b",0.669308990243777,-1.00679278806375,0.00123919542026164,0.574351790000918,0.00228272840574513,0.748490364628856,"sig","ns","Th1like","Th0"
"337","Ifi202b.1",0.732839152191761,0.262107953689951,0.00148348974757399,0.919262643533142,0.00259610705825448,0.966606642341716,"sig","ns","Th1like","Th0"
"338","Ifi203",1.17568030479919,-0.237167204813319,0.000128220050954014,0.313614441462946,0.000369575440985099,0.572301930457363,"sig","ns","Th1like","Th0"
"339","Ifi35",1.45408300850461,0.207853922699788,0.000572021158926612,0.277306795360813,0.0012081481373881,0.539207657646025,"sig","ns","Th1like","Th0"
"340","Ifih1",0.92938383738177,-0.84522951586465,0.025768526367373,0.514572475659229,0.0317250701507859,0.71226133636447,"sig","ns","Th1like","Th0"
"341","Ifit2",1.07331476634981,-0.16287979715899,0.000696951889458077,0.573188310510391,0.0013882375033921,0.748490364628856,"sig","ns","Th1like","Th0"
"342","Ifit2.1",1.24779133414985,-0.279634792412162,0.000193447011781372,0.21454181191093,0.000464652136141531,0.461076701036648,"sig","ns","Th1like","Th0"
"343","Ifit3",1.71019349958891,-0.459182339818597,0.000155030290631235,0.551306185893831,0.000414393081567778,0.745503504716278,"sig","ns","Th1like","Th0"
"344","Ifit3.1",1.55359125621846,-0.188193816751518,2.67205551271655e-05,0.559156343723314,0.000154541034084645,0.745503504716278,"sig","ns","Th1like","Th0"
"345","Ifitm3",0.87251511555445,0.668071798710956,2.77030740975839e-05,0.0221825359232448,0.000154541034084645,0.115632368110531,"sig","ns","Th1like","Th0"
"346","Ifng",0.378090426161834,0.714649393025752,0.00839234420348093,0.00599977361411349,0.0116165216375866,0.0489981511819268,"sig","sig","Superpos","Th0"
"347","Ifng.1",0.365251178757676,0.79541988371901,0.00347959603118299,0.00653857166220157,0.00560855939236732,0.0516243610784784,"sig","ns","Th1like","Th0"
"348","Igtp",1.24034345543053,0.473057348126284,0.0328198132906005,0.227967751639302,0.0394159522362604,0.477368368817342,"sig","ns","Th1like","Th0"
"349","Iigp2",-0.0938074966817122,0.168999809757076,0.929735129757374,0.69206450595978,0.937387270743031,0.82710148273242,"ns","ns","Ind","Th0"
"350","Il11ra1",0.920041233195765,0.00634566715603239,0.000302973443612012,0.972407899668126,0.000680995354907733,0.984462543052442,"sig","ns","Th1like","Th0"
"351","Il12rb2",0.488575820900261,0.512044783107585,5.04521976049655e-05,0.226682478758061,0.000209504888359602,0.477368368817342,"sig","ns","Th1like","Th0"
"352","Il18r1",0.844010156512386,0.182382456132613,1.95772120418305e-06,0.0145162742856962,4.24518181843875e-05,0.0889121799998892,"sig","ns","Th1like","Th0"
"353","Il18rap",0.55327595905067,0.652205979847561,0.000515222437089843,0.559888346399164,0.00109764780075662,0.745503504716278,"sig","ns","Th1like","Th0"
"354","Il4",0.561545909371901,0.0563452242530795,0.00482286472128877,0.453172464331643,0.00724909114549539,0.681148796081304,"sig","ns","Th1like","Th0"
"355","Il4ra",0.814101135336862,-0.0463943523515301,0.0122931250828146,0.750286945707573,0.0164580089906534,0.858973372422221,"sig","ns","Th1like","Th0"
"356","Inpp5a.1",1.00712564356184,0.0154665866336812,0.000804960569501925,0.889898145092933,0.00155287668919663,0.95558101816249,"sig","ns","Th1like","Th0"
"357","Irf7",1.29675804865259,-0.126052646240244,8.29054937596837e-06,0.494487680083759,7.52290591523056e-05,0.710537955850817,"sig","ns","Th1like","Th0"
"358","Irf9",1.89799361919647,-0.393743159637473,1.10689784983e-05,0.0140373933741743,8.74806365188226e-05,0.0881836250428898,"sig","ns","Th1like","Th0"
"359","Irf9.1",1.38843762245681,-0.0272325437928546,0.00510180774414263,0.931410278336603,0.00759044009710228,0.97104475826582,"sig","ns","Th1like","Th0"
"360","Irgm",-0.101710018364113,-0.326923813418702,0.873820729256636,0.190763584483643,0.884653217635851,0.428780533931124,"ns","ns","Ind","Th0"
"361","Isg20",1.30196141086924,-0.322625733982772,9.41378632501936e-06,0.279545644798417,7.9530263780336e-05,0.539280968311907,"sig","ns","Th1like","Th0"
"362","Itpr1",0.655998900830213,0.293356269430606,0.00166422962911624,0.156737180735273,0.00287138210657379,0.391842951838183,"sig","ns","Th1like","Th0"
"363","Kbtbd7.2",1.08078937196871,-0.358669561109435,2.77634210961782e-05,0.041113796274247,0.000154541034084645,0.162465807857912,"sig","ns","Th1like","Th0"
"364","Klrd1",0.364995549074442,0.587980331269123,0.00151568795149975,0.000150451093726138,0.00263364218523006,0.00434633696879668,"sig","sig","Superpos","Th0"
"365","Klrk1.3",0.550577976820394,1.21884388738518,0.00472323301549663,0.166825760841748,0.00714316104195478,0.401493899394964,"sig","ns","Th1like","Th0"
"366","Ldhd",0.555618938249035,0.578923801278651,0.0682985555744113,0.0201186269804767,0.0796816481701465,0.109364172616926,"ns","ns","Ind","Th0"
"367","Lgals3",0.371815808719698,0.664337096596677,0.00128430785862793,0.0398751248459475,0.00234817481614808,0.161308417507713,"sig","ns","Th1like","Th0"
"368","Lgals3bp",1.41289023076164,-0.0648216634874877,3.57602135062852e-05,0.702067486762462,0.0001699200690886,0.829424177816059,"sig","ns","Th1like","Th0"
"369","Lif.1",-0.068380701039346,0.832887044785801,0.801322937984566,0.00308939022670156,0.818017165859244,0.0370616502645203,"ns","sig","Th2like","Th0"
"370","LOC435565",1.21694254435437,2.25873038704034,1.07490587278377e-05,0.0228216284716655,8.74806365188226e-05,0.116485395324126,"sig","ns","Th1like","Th0"
"371","LOC625360",1.06034996586408,0.0601977486834961,9.02538257631832e-07,0.538938834807267,3.68536455199665e-05,0.737653712445701,"sig","ns","Th1like","Th0"
"372","Lrrk1.1",0.260894743772286,0.00275554532115059,0.0194462232813192,0.993812405457834,0.0245583747624907,0.999246122756228,"sig","ns","Th1like","Th0"
"373","Ltbp1.4",-0.457637528396601,0.66941289185013,0.541418227619744,4.90781910501284e-05,0.571756317960506,0.00400805226909382,"ns","sig","Th2like","Th0"
"374","Ly6a",0.887803774803261,-0.891308745405695,1.74834664496952e-05,0.0244058706725114,0.000122384265147866,0.118689487198386,"sig","ns","Th1like","Th0"
"375","Ly6c1",0.905772772643338,0.589949567857968,7.80708014235977e-07,0.0519906634420013,3.68536455199665e-05,0.192995644595308,"sig","ns","Th1like","Th0"
"376","Mapre2",0.626232791328454,0.205389172066582,0.0140314219781466,0.557492709794442,0.0185229758239455,0.745503504716278,"sig","ns","Th1like","Th0"
"377","Marcks",0.886942866502468,-0.0276606806723925,0.00309024606984589,0.851640739438931,0.00501397541133936,0.939873789020442,"sig","ns","Th1like","Th0"
"378","Matk.2",0.703133913378786,0.395831506837413,0.000236810892373901,0.00414903665110051,0.00055787181376544,0.0390966915199856,"sig","sig","Superpos","Th0"
"379","Mef2c.2",1.07613265923914,-0.0586922364764538,0.000107625888688021,0.704164199941797,0.000333776490235002,0.829424177816059,"sig","ns","Th1like","Th0"
"380","Mgll",0.579635400870817,-0.125515635686961,0.00142558126644862,0.00695348536975423,0.00253092326289791,0.0516243610784784,"sig","ns","Th1like","Th0"
"381","Mgll.2",0.871442774680444,-0.21040167332643,0.00400942412414849,0.00888040008024626,0.00621714500263532,0.0600431428459989,"sig","ns","Th1like","Th0"
"382","Mitd1",1.26863947903123,-0.186833228616132,3.43796221091707e-06,0.225315298154694,4.4331617982878e-05,0.477368368817342,"sig","ns","Th1like","Th0"
"383","Mov10.1",1.02445458917371,0.133363808091561,8.90033411187437e-05,0.550343815750492,0.000302858591306836,0.745503504716278,"sig","ns","Th1like","Th0"
"384","Ms4a6b",0.8292067757726,-0.0427024243122716,0.00511192904498725,0.873663263582995,0.00759044009710228,0.954578624322037,"sig","ns","Th1like","Th0"
"385","Ms4a6d.1",0.444860188873188,0.384520678193606,0.0143313748075954,0.101134239601897,0.0187764001489886,0.295710895351722,"sig","ns","Th1like","Th0"
"386","Msr2",0.347797028520961,0.0889007719921433,0.164743428540071,0.357689423605867,0.186861759223692,0.604371784713362,"ns","ns","Ind","Th0"
"387","Mtap6.2",0.970710010474687,-0.988117418445635,1.48699573305984e-05,0.104984385971076,0.000107151163117547,0.299083425150158,"sig","ns","Th1like","Th0"
"388","Mtap6.3",1.17936493784577,-1.25239249869171,0.000139477194875768,0.18769421380633,0.000392780606259347,0.426145708401591,"sig","ns","Th1like","Th0"
"389","Muc13",1.4729620577867,0.176024792420135,0.000128161438087959,0.0165042309328958,0.000369575440985099,0.0962746804418922,"sig","ns","Th1like","Th0"
"390","Mx1",0.967093053370616,0.10958869271675,0.000118469252354526,0.925339093970419,0.000353963010083645,0.968837940268174,"sig","ns","Th1like","Th0"
"391","Mxra8",1.34462641864504,-0.63798549469433,0.00530245289951518,0.170069887456943,0.00782590939988686,0.404535169193699,"sig","ns","Th1like","Th0"
"392","Myo6.1",0.786092655036231,0.110145596024095,3.25378607208286e-07,0.007963590499955,3.03164729900144e-05,0.055745133499685,"sig","ns","Th1like","Th0"
"393","Nat5.2",1.03904968986908,-0.0310630952600651,3.828097543909e-05,0.815647216753675,0.000173682203381056,0.915794753612336,"sig","ns","Th1like","Th0"
"394","Nelf.1",0.774973189318092,0.231715993901914,0.0145558912446293,0.137280335937027,0.0189691135900754,0.350350857339288,"sig","ns","Th1like","Th0"
"395","Nkg7",0.531857979781137,0.597578793870457,0.00050047322512849,0.00363052900550403,0.00107557842242526,0.0370616502645203,"sig","sig","Superpos","Th0"
"396","Nod1",0.624010820101694,0.184600863793347,2.77609894364044e-05,0.0583440933162646,0.000154541034084645,0.211929706305874,"sig","ns","Th1like","Th0"
"397","Nqo2",1.0214709726972,0.117736025149986,1.90511588532779e-06,0.50211132217512,4.24518181843875e-05,0.710537955850817,"sig","ns","Th1like","Th0"
"398","Nrp1",0.579914158569683,0.876131708372576,0.249693184263888,0.00399308814567488,0.278067409748421,0.0390966915199856,"ns","sig","Th2like","Th0"
"399","Nrp1.1",0.670302949731024,0.9207663689775,0.170996390602363,0.00502645210615813,0.193060441002668,0.0450675565804416,"ns","sig","Th2like","Th0"
"400","Ntrk3.1",0.817933643831986,0.233576299374714,0.0224336951552023,0.0248945318318817,0.0280421189440029,0.118689487198386,"sig","ns","Th1like","Th0"
"401","Ntrk3.2",0.851482955111843,0.16026213027586,0.0424988881322488,0.06779285449154,0.050791354109273,0.23727499072039,"ns","ns","Ind","Th0"
"402","Nts",0.107254163692777,-0.0368733347444371,0.360078776020565,0.263936094259222,0.39035088550902,0.5248899822398,"ns","ns","Ind","Th0"
"403","Oas1b",1.40673087808674,-0.164900549058394,0.00017428463566554,0.513363174722294,0.000430080510788208,0.71226133636447,"sig","ns","Th1like","Th0"
"404","Oas1g",1.32848222994762,-0.584172722290644,0.000148013237363389,0.647705435728377,0.00040292492393367,0.805521988596205,"sig","ns","Th1like","Th0"
"405","Oas1g.3",1.16781298670361,-0.753977289317027,0.000112349355362674,0.339479668874984,0.000344069900798189,0.586491984212291,"sig","ns","Th1like","Th0"
"406","Oas2",1.41744781020946,-0.2058041366406,7.04226706332722e-05,0.427905901619934,0.000257515735897786,0.655230911855524,"sig","ns","Th1like","Th0"
"407","Oasl1",0.764482900587198,-0.430879686895941,0.000175228386314744,0.35150637767826,0.000430080510788208,0.598049045355373,"sig","ns","Th1like","Th0"
"408","Oasl1.2",0.837204185363813,-0.289686126964776,5.41960202069558e-05,0.362951013150409,0.000221300415845069,0.609061631656508,"sig","ns","Th1like","Th0"
"409","Oasl2",1.20340861640873,2.50901551941549,3.21755435377497e-05,0.286205383357786,0.000164229336807264,0.547814991583262,"sig","ns","Th1like","Th0"
"410","Oasl2.1",1.24263534178332,1.56853930567973,0.00170816664868193,0.155032688807033,0.00292657922326624,0.391577409873434,"sig","ns","Th1like","Th0"
"411","Ociad2",0.976502080299769,0.403019657499763,5.43572822611712e-06,0.00068184491165139,5.12212852076421e-05,0.0128501541041993,"sig","sig","Superpos","Th0"
"412","P2ry14",0.55973408107862,0.400254836858657,2.07927272739857e-06,0.00357981708308477,4.24518181843875e-05,0.0370616502645203,"sig","sig","Superpos","Th0"
"413","P2ry14.2",0.629340378144661,0.406155508977795,2.40186910007724e-06,0.00687286118339805,4.25151858631834e-05,0.0516243610784784,"sig","ns","Th1like","Th0"
"414","Parp12",1.08941542740473,-0.447632977191461,0.00288554856759064,0.377910173164564,0.00471306266039804,0.6201942080272,"sig","ns","Th1like","Th0"
"415","Parp14",1.49857223846752,-0.133982795199572,0.0140623408296076,0.637763356141919,0.0185229758239455,0.801292421819334,"sig","ns","Th1like","Th0"
"416","Phf11",0.964393749118443,0.233410385682911,2.02207556761072e-06,0.166947886838087,4.24518181843875e-05,0.401493899394964,"sig","ns","Th1like","Th0"
"417","Phf11.2",1.0128794459402,0.132604208345146,1.32372679347427e-06,0.418524389474372,4.24518181843875e-05,0.648977692539374,"sig","ns","Th1like","Th0"
"418","Phldb1",0.498278711580924,0.336026968255366,0.0322106312452873,0.0277367808316976,0.038874899778795,0.119219496557297,"sig","ns","Th1like","Th0"
"419","Pik3ap1",0.509763559032316,0.510379832972545,5.13097027314309e-06,0.0275589659588098,5.12212852076421e-05,0.119219496557297,"sig","ns","Th1like","Th0"
"420","Pim2.1",0.768316736188375,0.269828622841258,0.0313959620815311,0.117585342229426,0.0380792609404709,0.31500878583239,"sig","ns","Th1like","Th0"
"421","Pip5k1b",0.643690208528037,0.214936263473487,0.0130037957795825,0.0475027600466177,0.0173148367717267,0.184732955736847,"sig","ns","Th1like","Th0"
"422","Plac8",0.866475009185271,0.991028400597666,2.83850878930981e-05,0.0182061202369765,0.000154541034084645,0.101618445491141,"sig","ns","Th1like","Th0"
"423","Pld4",0.557730227451568,0.379888989389605,0.00182169641165751,0.107746854060243,0.00309941403372285,0.299666215956555,"sig","ns","Th1like","Th0"
"424","Pon2",1.24567927326815,-0.000556913305748213,0.00444400102258462,0.995167567153141,0.00676261025175921,0.999246122756228,"sig","ns","Th1like","Th0"
"425","Pparg.2",0.221373745688852,-0.0033731959295656,0.412308358740894,0.952025007459031,0.443050648647013,0.973246451234051,"ns","ns","Ind","Th0"
"426","Ppp3ca.2",1.07501976433148,-0.126313869456094,1.26019993594152e-05,0.23941919210377,9.64840575955226e-05,0.489282958959536,"sig","ns","Th1like","Th0"
"427","Prdx5.1",0.609488757198765,0.258114272458565,0.0178261615099508,0.0401625039508999,0.0226611037804893,0.161308417507713,"sig","ns","Th1like","Th0"
"428","Prr15",-0.12316042325143,0.349555801416581,0.756038421694801,0.0132220188495497,0.775018465754085,0.0852472267931494,"ns","ns","Ind","Th0"
"429","Ptpn12",0.587960247049245,0.264271413817769,0.0937862853379204,0.231263990749941,0.107372149101825,0.480166760455386,"ns","ns","Ind","Th0"
"430","Rab33a",0.217150411819424,0.460543511868463,0.0247382640831866,0.000134847223020424,0.0307658614232524,0.00434633696879668,"sig","sig","Superpos","Th0"
"431","Rexo2",1.23861268839844,-0.435571814969364,0.00072117915125654,0.0162878213126609,0.00142491041982139,0.0962746804418922,"sig","ns","Th1like","Th0"
"432","Rhobtb1",0.499978694981922,0.646379717084074,0.000798377778400001,0.000159661358037429,0.00155240123577778,0.00434633696879668,"sig","sig","Superpos","Th0"
"433","Ripk3",0.760400202785216,-0.11980059632196,0.000170214102664959,0.391798692005674,0.000430080510788208,0.6201942080272,"sig","ns","Th1like","Th0"
"434","Rnf213",1.14724461998289,-0.143718681565913,0.000147643656824562,0.474969215527908,0.00040292492393367,0.701293447955272,"sig","ns","Th1like","Th0"
"435","Rsad2",1.18840359729838,0.470690822572534,0.000155608830629533,0.265658603256062,0.000414393081567778,0.5248899822398,"sig","ns","Th1like","Th0"
"436","Rtp4",1.49253011855204,-0.507019260807781,0.000433123971316703,0.327183167964237,0.000947458687255288,0.585108585045533,"sig","ns","Th1like","Th0"
"437","Samhd1",0.934682576207671,0.204672473552438,0.00416259451928066,0.263472481950088,0.00641406073725636,0.5248899822398,"sig","ns","Th1like","Th0"
"438","Sco1",0.712032705668568,0.404388991644014,3.31832716752722e-05,0.0988996675880827,0.000165916358376361,0.295710895351722,"sig","ns","Th1like","Th0"
"439","Sco1.1",0.528443255847588,0.186332823845085,0.0221613183809189,0.592546856065382,0.0278437077093596,0.764073577557993,"sig","ns","Th1like","Th0"
"440","Sema4b",0.884934794732856,0.0977825826845817,6.71435191703428e-05,0.678484503015819,0.000249930105744403,0.823664149431357,"sig","ns","Th1like","Th0"
"441","Serpina3f",0.447151533200022,-0.198592411181076,0.00590288836043692,0.653094677925741,0.00860837885897051,0.808122202483872,"sig","ns","Th1like","Th0"
"442","Sgk3.1",1.24201074361478,-0.289161816686909,0.00109913785296926,0.195330687415564,0.00205563949601121,0.431135301052371,"sig","ns","Th1like","Th0"
"443","Shh",0.528324587660693,-0.0453022409450683,0.362039165193249,0.508043007526641,0.390747116618264,0.711260210537297,"ns","ns","Ind","Th0"
"444","Slc17a6",0.454330580196514,1.17725070007051,0.0282963550942414,0.381584915928762,0.0346630349904457,0.6201942080272,"sig","ns","Th1like","Th0"
"445","Slfn1",1.25293583979618,-0.0753066270438974,4.99791301832999e-06,0.426255258978448,5.12212852076421e-05,0.655230911855524,"sig","ns","Th1like","Th0"
"446","Sln",-0.308992934620327,-0.00755332059233774,0.323910184627162,0.68246458095741,0.352702201038465,0.823664149431357,"ns","ns","Ind","Th0"
"447","Smpdl3b",0.706574499327946,0.116524900785664,0.000639529149759727,0.077509386101328,0.00130570534742611,0.253197327931005,"sig","ns","Th1like","Th0"
"448","Snx10",0.867507861063804,-0.0957135541348543,0.000165180803744825,0.6796233919785,0.000430080510788208,0.823664149431357,"sig","ns","Th1like","Th0"
"449","Sp100",1.22262753811481,-0.100893691555294,9.1630091055261e-05,0.526365287789887,0.000307525648062177,0.724491547800687,"sig","ns","Th1like","Th0"
"450","Sp100.1",1.2341637399921,-0.0826356310202012,2.73848303497361e-06,0.471587739004868,4.25151858631834e-05,0.701293447955272,"sig","ns","Th1like","Th0"
"451","Spsb1",1.134980187795,-0.120420758087448,4.9245527579605e-05,0.392367764262106,0.000208019900982814,0.6201942080272,"sig","ns","Th1like","Th0"
"452","St3gal1",0.324687103527153,0.166252660733805,0.614459062186804,0.179571614830753,0.64334388989644,0.41900043460509,"ns","ns","Ind","Th0"
"453","St3gal1.1",0.334395558940015,0.109133790205422,0.322923399002036,0.193014214025501,0.352702201038465,0.429895294874979,"ns","ns","Ind","Th0"
"454","St3gal6",0.325625672473594,0.595818641537583,0.0150577224424483,0.000248480970007881,0.0195192698328033,0.00608778376519309,"sig","sig","Superpos","Th0"
"455","Stambpl1",1.10670005676189,-0.182534807412987,0.0545374714915965,0.384970134680003,0.0645491812340152,0.6201942080272,"ns","ns","Ind","Th0"
"456","Stat1",1.49116030161808,-0.139705250554676,0.00556140835836747,0.71116828974251,0.00815895238203611,0.832646414388574,"sig","ns","Th1like","Th0"
"457","Stat2",0.989663421242231,0.471188893083797,5.81161505121721e-05,0.0518547694714954,0.000228744851409478,0.192995644595308,"sig","ns","Th1like","Th0"
"458","Suhw2",0.686617948486417,0.0151999820190619,0.00733323736529839,0.89690979768288,0.0104455997354541,0.95558101816249,"sig","ns","Th1like","Th0"
"459","Sypl.1",0.871359354927763,-0.151977781596317,0.0108399641385855,0.414625037086114,0.0147543956330747,0.647026331758586,"sig","ns","Th1like","Th0"
"460","Tap1",1.54026622294397,0.429843873143847,0.0013278124157441,0.107861770176386,0.00240973364338744,0.299666215956555,"sig","ns","Th1like","Th0"
"461","Tap2",0.881015657565339,0.332335230962837,0.12762860033085,0.335053369047029,0.14543724223748,0.586491984212291,"ns","ns","Ind","Th0"
"462","Tapbpl.2",1.01893378924876,0.41818092681749,0.00211974727176868,0.0269983771731164,0.00358164194195398,0.119219496557297,"sig","ns","Th1like","Th0"
"463","Tarbp2.1",1.23575811796918,-0.0881403364592846,3.4160180657627e-05,0.40096839574181,0.000167384885222372,0.629726006132971,"sig","ns","Th1like","Th0"
"464","Tdrd7",0.975208385699782,0.278209233734913,4.07444873840817e-06,0.303023383090262,4.99119970455001e-05,0.562429764069047,"sig","ns","Th1like","Th0"
"465","Tec",0.99570532362478,-0.0569782219903192,0.000116527658311644,0.480954760933144,0.000352460201066084,0.701392359694168,"sig","ns","Th1like","Th0"
"466","Tiam1",0.561173241618882,0.426673112163626,0.0120205646839224,0.000122248593639483,0.0161815293822032,0.00434633696879668,"sig","sig","Superpos","Th0"
"467","Timd2",0.406976563193455,-0.00255672887070071,0.188903248052024,0.94172549047417,0.21229952189333,0.973246451234051,"ns","ns","Ind","Th0"
"468","Tlr7",1.34826978020218,-0.490015945071964,0.00365039848375588,0.291919934048712,0.00584540933673327,0.550156798784111,"sig","ns","Th1like","Th0"
"469","Tmem65",0.96223602766715,-0.111958196989562,8.6193727062266e-06,0.0756038885531323,7.54195111794828e-05,0.251884633451005,"sig","ns","Th1like","Th0"
"470","Tnfsf13b",0.174088985353282,0.27031889439333,0.472882669597389,0.00906773994000799,0.503722843701567,0.0600431428459989,"ns","ns","Ind","Th0"
"471","Trim21",1.65858405218794,-0.365206988548221,0.000939563426854463,0.0743856494589186,0.00177071568907187,0.251884633451005,"sig","ns","Th1like","Th0"
"472","Trim25",1.15561620736369,-0.895154321478205,3.67582190273298e-05,0.20194480275968,0.0001699200690886,0.4417542560368,"sig","ns","Th1like","Th0"
"473","Trim34",1.29558368757774,-0.191984327667952,6.73281101189005e-05,0.435629181288526,0.000249930105744403,0.662913971526018,"sig","ns","Th1like","Th0"
"474","Trim34.1",1.22264664852488,-0.0105880847898712,2.68440480185782e-05,0.962297246496599,0.000154541034084645,0.978268985027663,"sig","ns","Th1like","Th0"
"475","Tspan6",1.06286818764479,0.0649214822056991,0.00258298914287901,0.607498626569268,0.00430498190479835,0.77519355994516,"sig","ns","Th1like","Th0"
"476","Tspan6.1",0.795917412230468,0.111974818717644,8.21593209195903e-05,0.177373540089012,0.000291725125004342,0.417851128094307,"sig","ns","Th1like","Th0"
"477","Ttc27",0.236403575316025,1.10920723799109,0.305759033562253,0.000654927391246797,0.335923601895749,0.0128501541041993,"ns","sig","Th2like","Th0"
"478","Ube2f.1",0.331616192472706,0.920532596950259,0.0675756899691628,0.00139939231685634,0.0792155217341861,0.0201677128017531,"ns","sig","Th2like","Th0"
"479","Ube2f.2",0.201762721094746,1.12763059956113,0.437271883230034,0.0257364095922599,0.467823630529949,0.118970195284975,"ns","ns","Ind","Th0"
"480","Ube2l6",1.20894218848773,0.139068323079824,0.000277689938021552,0.829648717347009,0.00062994476680815,0.919746315610938,"sig","ns","Th1like","Th0"
"481","Ube2q2.2",1.12499635834332,0.0395701290756071,0.00266933329441977,0.826121037587883,0.00441882876441111,0.919746315610938,"sig","ns","Th1like","Th0"
"482","Usp18",1.20356789521731,0.358421628042351,3.39045130722372e-06,0.239648796225079,4.4331617982878e-05,0.489282958959536,"sig","ns","Th1like","Th0"
"483","Usp18.1",1.13492818409735,0.0476630467245507,2.51490594325811e-06,0.884446317228989,4.25151858631834e-05,0.954578624322037,"sig","ns","Th1like","Th0"
"484","Vezf1",0.540816938089312,0.615777845634627,0.000100552930119369,0.000814669656416895,0.000319941141288901,0.0142567189872957,"sig","sig","Superpos","Th0"
"485","Wipi2",0.790749837176868,0.216077457282775,0.000937351011771122,0.379953747470044,0.00177071568907187,0.6201942080272,"sig","ns","Th1like","Th0"
"486","Zbp1.1",0.884874529898823,0.405285982061134,0.000166806606221717,0.338034093242851,0.000430080510788208,0.586491984212291,"sig","ns","Th1like","Th0"
"487","Zbtb32",0.562338706942035,1.09812327267697,0.000172782924956716,0.00581839723526119,0.000430080510788208,0.0489981511819268,"sig","sig","Superpos","Th0"
"488","Zbtb32.1",0.646190616515765,0.467532015374728,5.39721158987295e-07,0.000123813613242004,3.30579209879718e-05,0.00434633696879668,"sig","sig","Superpos","Th0"
"489","Zfp768",0.929338157377589,-0.0444183221223822,0.00650425229866796,0.779313566273032,0.00931895797177573,0.883943628411541,"sig","ns","Th1like","Th0"
"490","Znfx1",1.26440018669391,-1.09829433722422e-05,0.000620381373274696,0.999934901493967,0.00127725576850673,0.999934901493967,"sig","ns","Th1like","Th0"
