"Symbol","cor_th1_th2","cor_th1_th0","cor_th2_th0","cluster"
"Arhgef9.1",0.313747478415849,0.787611714322297,0.314643933422233,2
"Gnpda1",0.336618098388001,0.765495999334232,0.292516175488798,2
"Sco1.1",0.315809146101047,0.744483265629257,0.273354231665097,2
"Tars2",0.375030785424012,0.774657077901419,0.352841980549955,2
"2810439F02Rik",0.303124088416756,0.825494184634439,0.371712209701123,2
"St7.1",0.35672943972953,0.834984190260047,0.379579069941118,2
"D14Ertd668e.1",0.333325719348529,0.974409334842316,0.304703705234022,2
"Nqo2.1",0.344939238811334,0.959481164888542,0.226026230769557,2
"Fgl2",0.304392205875257,0.942702258171677,0.239572660405566,2
"Mef2c.2",0.315590070088221,0.95442258363457,0.256011418573285,2
"Tec",0.416152310839579,0.980805585078159,0.338053677008839,2
"1110067D22Rik",0.416502734498633,0.963726516985221,0.307896600782925,2
"Tmtc2",0.37631362030947,0.904581839494455,0.367397605862313,2
"Bzrap1",0.399148576326232,0.927949817329617,0.364804707604355,2
"Gpr114",0.355218302211909,0.959328943834796,0.377565437817521,2
"Tmem106a",0.388209830710523,0.946660993818653,0.364235673583008,2
"Inpp5a.1",0.377510674815558,0.953013094216818,0.35944744346496,2
"Tap1",0.1809045050226,0.865157397396528,0.409953873504264,2
"4930539E08Rik",0.171400108746844,0.92362397682364,0.379291648573975,2
"5730469M10Rik",0.193579313029215,0.923755221370816,0.390088921957008,2
"Muc13",0.242063259095336,0.934723691722533,0.489852113907997,2
"Etv1.1",0.215241546233103,0.86105318197932,0.480041710189332,2
"Ifnar2",0.172263783970479,0.871409341561973,0.506814960696649,2
"Stoml1.2",0.286260944906539,0.904071665859363,0.373783933223483,2
"Ntrk3",0.269823583535876,0.906175188271172,0.432289046162309,2
"Ankfy1",0.28462314116077,0.929113242896246,0.412123344437109,2
"Tnfsf10",0.332264883587713,0.917852684419014,0.433334570895267,2
"Gvin1",0.315199933146858,0.960601715498022,0.40227921228196,2
"Gnpda1.1",0.36369061391364,0.976497793854584,0.420851509245662,2
"LOC625360",0.365384110551866,0.971572552730544,0.397674120903351,2
"C1qtnf1",0.395723475299026,0.863822908823537,0.430262758099411,2
"Stoml1",0.385388782707329,0.894984282405493,0.465956014183819,2
"Pter",0.4572842228245,0.910004945180222,0.469682023690738,2
"Anxa1",0.42230905946483,0.934926563103325,0.442375024504722,2
"Zfp652",0.369071301796374,0.821239777346859,0.459459438376334,2
"Ifitm1",0.377770987896488,0.80854602662618,0.463402610318245,2
"Adar.2",0.342241461703851,0.907114279048242,0.500593330127923,2
"Zfp212.3",0.329534457116398,0.887844898121454,0.521092571637281,2
"Odf2.1",0.578407861935735,0.931237483219928,0.418518218165128,2
"Mov10.2",0.591844970483401,0.888572589679633,0.441130403495565,2
"Zfp768",0.605354024344548,0.927503044088466,0.481076994889612,2
"Mtap6.3",0.601425027844662,0.917253487465454,0.464298327324329,2
"Ifnar2.1",0.621610994668264,0.950945459053197,0.449177435922006,2
"Adh4",0.623380353317131,0.935566275432603,0.428519744436823,2
"Pon2",0.546345411349056,0.88555342533309,0.506479702942159,2
"Ipmk.2",0.550624108662909,0.931335028373549,0.481665560470673,2
"Tcea3",0.529578427446089,0.929103811008177,0.492302746914333,2
"Nat5.2",0.579475784957825,0.941640886211755,0.491873795964231,2
"Ripk3",0.570284121099954,0.96945912138885,0.507896627425376,2
"Spsb1",0.549896842327103,0.989190939360316,0.47505601317289,2
"Sp100.1",0.569887361188693,0.984520548516131,0.47887705685102,2
"Armcx6.1",0.576964929732473,0.954995876592058,0.457647773705569,2
"Gnb4.1",0.551225159235848,0.959460691126975,0.451132733683589,2
"Isg20",0.671386359326576,0.957434405158986,0.477709348008899,2
"Mov10",0.735312145865166,0.942636979739186,0.512783723565299,2
"Ulk1.1",0.731886271785088,0.922801547689573,0.516352890920463,2
"D10Bwg1379e",0.679645924747705,0.935661354367156,0.506598965793502,2
"Hipk2",0.689617253212462,0.949014216543957,0.532008652043641,2
"Ifnar2.2",0.664189027586104,0.891131357637871,0.417002590764034,2
"Phkg2",0.686549964438417,0.866970155209062,0.481685499951565,2
"Snai3",0.690727858256384,0.914206269770121,0.477953660575056,2
"Mrpl33",0.697529362920329,0.890942296354089,0.490927446146802,2
"Ccl9",0.586920600474068,0.9720116965837,0.57130370247461,2
"Dtx3l",0.539188345118033,0.971483742323177,0.55722432362446,2
"6330569M22Rik",0.527187585319698,0.990880973742723,0.562328182424358,2
"Trio",0.563448733814546,0.975548976195492,0.604749300391738,2
"Trat1.1",0.525350559544495,0.969433944101037,0.599712403898586,2
"Aff4",0.527326552949115,0.96552322644468,0.602985814696816,2
"AI747699",0.56532971787612,0.931300925871188,0.673565872576771,2
"Cc2d2a",0.566310784698881,0.93229478282035,0.655153840555655,2
"Gnaq.2",0.567680728103661,0.896122417741739,0.687436954256997,2
"Fut8",0.57984916243894,0.882229156265233,0.689310550061182,2
"Igtp",0.588998116882003,0.886267624979165,0.657156755034218,2
"Slc22a21",0.564950823687771,0.887045506089292,0.668599693154685,2
"Tes.2",0.554440696735182,0.897463744627333,0.659191566883991,2
"St6galnac2",0.550129546848151,0.912552915143033,0.632964440260147,2
"Unc13b",0.535933174806174,0.904873352352293,0.61682582696003,2
"Fes",0.528948083678454,0.888518798920498,0.61344047431667,2
"5730469M10Rik.1",0.51046116538347,0.933426270691442,0.661328579647988,2
"Dync1li2",0.523428191254099,0.897843429530034,0.692090712841432,2
"Oasl2.1",0.526046157020661,0.92465972149559,0.689622342124422,2
"H2-T23.1",0.650858415492785,0.953312069943965,0.64435653996169,2
"Arsb",0.625484176209409,0.953148377325496,0.644842099905458,2
"Fth1.1",0.617854017076781,0.954401997338494,0.644081638986446,2
"Capn2",0.607379145718017,0.992762034724566,0.629468636173081,2
"Antxr2",0.645709685452918,0.984729822506824,0.610564135448,2
"Tex9.1",0.593601176130856,0.967688552844279,0.711863421160268,2
"2610020H08Rik.1",0.607549913045247,0.982582378661797,0.682761531112794,2
"Wipi2",0.64875539382896,0.95591425234803,0.689787722230496,2
"Trex1.1",0.646426786618934,0.95884501800061,0.695046200898536,2
"Stat2",0.623500946631915,0.964242507571311,0.695976770217704,2
"Trex1",0.633558888487807,0.96430924074952,0.701504124793011,2
"Klk8",0.631110544427401,0.97372370470466,0.696558324873919,2
"H2-DMb2.1",0.625822029056732,0.983507959374498,0.648680472322263,2
"Ddx26b",0.617187800879976,0.991017997012798,0.661788476577906,2
"Capn2.2",0.62642690160666,0.986372247825894,0.669481228399783,2
"H2-DMb1",0.640115586924019,0.990550012982203,0.684845770317433,2
"Lrrc49",0.663536092455038,0.980553729180267,0.666773680374192,2
"Capn2.1",0.650107551253966,0.983039125231387,0.662537070572134,2
"C330027C09Rik.1",0.589210635795349,0.789330024107904,0.573833337203021,2
"Nosip.1",0.587547071544657,0.797364145847364,0.623703019360376,2
"Pnpla2",0.612989518078316,0.794604334430254,0.507801555082168,2
"Idh3b",0.658173395414526,0.803425775032447,0.584690607834923,2
"Il24",0.685417645689461,0.76086372916598,0.580037811842434,2
"Gpbp1l1",0.631270937013692,0.922191179539254,0.593952228394574,2
"Mov10.1",0.661572112797583,0.93169955802328,0.610214846688804,2
"Pkd2",0.64843036529329,0.942700950366722,0.605367150764166,2
"B2m.1",0.604346599286642,0.883958691801475,0.626574500713912,2
"Tmem38b",0.601433446667027,0.908117303532964,0.609466008980467,2
"Zranb1",0.612822549884651,0.908487982464586,0.604624855321174,2
"2510009E07Rik",0.670022736968721,0.894513707539033,0.633136005459212,2
"Cntln.3",0.652389239633958,0.869869083243091,0.591177535362729,2
"Ttc30b.1",0.621615668299468,0.957935283994292,0.555744896609786,2
"AI451557",0.635289064358873,0.964667511203516,0.532882373971367,2
"Ppp3ca.2",0.649400766288829,0.965269780206129,0.548963953463165,2
"Mospd1",0.605022873113739,0.931869904367823,0.52553836194222,2
"Fth1",0.649005291927891,0.929889751481325,0.541755382559294,2
"Ulk1",0.635033796989538,0.940308503847027,0.523972652376591,2
"Mast2.1",0.645851070110033,0.951992347933068,0.51435173425661,2
"Ap2b1",0.600367263311942,0.878851633907948,0.56456911260594,2
"Selenbp2",0.583531289688755,0.877916261813798,0.559768206199129,2
"Suhw2",0.574664778794971,0.891025484869527,0.54324371278774,2
"2900011O08Rik",0.585200570469684,0.907442431683888,0.555526811560267,2
"Atg2a",0.598454356970322,0.894192296613726,0.497171964323362,2
"Atg2a.1",0.620981690382563,0.883598147230642,0.497932936010222,2
"Crmp1",0.597856439559538,0.893808306722245,0.530092576715572,2
"Dscr6",0.616284802120726,0.872776149325012,0.523694129765302,2
"Phldb1",0.392682704146699,0.731965411809036,0.712600970636653,2
"Cables1",0.386024182354387,0.784258778423013,0.693827772226627,2
"Pard6g",0.355780368196173,0.818065550846283,0.709964745057334,2
"Tmem184b",0.354663377613486,0.804784878978739,0.664230313152345,2
"Nod1",0.342314707999073,0.867841829616856,0.738870318694229,2
"Arrb1.3",0.369510803507121,0.825652702820285,0.790416983351823,2
"Ociad2",0.4133655745548,0.852855167968651,0.805765250510727,2
"9530096D07Rik",0.439606500938337,0.677718914682652,0.607331723434143,2
"Cxcl9",0.424008864764247,0.721415824959898,0.626746121684335,2
"Cdkl2.1",0.437096697288173,0.714440233083159,0.601301174735333,2
"Ulbp1",0.404307112033848,0.770345957640066,0.605057706710167,2
"Nelf.1",0.457723092821183,0.758446120008706,0.642754787945227,2
"Ntrk3.2",0.429829753631836,0.753654368931855,0.661892605308681,2
"Dleu7",0.431989944539699,0.811164965085881,0.704890737962102,2
"2310046K01Rik",0.489920064655799,0.766082457894678,0.733256516312506,2
"Prdx5.1",0.475442893245647,0.809734257664457,0.711086621163228,2
"2900011O08Rik.1",0.495765045388532,0.82094152916979,0.735549173017882,2
"Ube2q1",0.540443612462958,0.823396817649077,0.623312314326729,2
"2410129H14Rik",0.512780813439392,0.828523855460833,0.644584518959616,2
"Capsl",0.526560294514772,0.824785058507249,0.691674833984665,2
"1110031I02Rik",0.545976167921391,0.821456917606446,0.680003009357685,2
"Myo1c",0.526676772985772,0.759302716751094,0.677112508399906,2
"Cdkl2.3",0.556007894113625,0.782023545887277,0.679893138251276,2
"4930451C15Rik",0.473253162074503,0.828194882602032,0.500894196760291,2
"Gas2l1.3",0.468873393254328,0.816914079659619,0.478428426481603,2
"Ift74.1",0.566431655482818,0.822886243299513,0.462723910038929,2
"Irf9.1",0.523521139777962,0.823559859327097,0.449738015219755,2
"4932418E24Rik",0.467793596165043,0.67213762553655,0.463627471625842,2
"Adc.1",0.472643270840955,0.709917438272328,0.531238409094522,2
"Uhrf1bp1.1",0.530626370382026,0.742643652387909,0.569359822961049,2
"Try10",0.487168817586992,0.737758823509392,0.559577421244556,2
"Pkp4.2",0.507446691182853,0.714735536527305,0.580016778714314,2
"Wasl",0.474238313343663,0.973508150210725,0.526205507144454,2
"EG240327",0.387529761760912,0.979378741787945,0.468775190327254,2
"Abcb1b",0.421068086865687,0.979284587842251,0.472326781781039,2
"Echdc3",0.440336725892407,0.875733671399959,0.568354583168041,2
"C76566.3",0.456802839988807,0.840363772461815,0.595300463441994,2
"Mgat4b.1",0.428480430870082,0.868682796423531,0.618497523429501,2
"Dusp14",0.511711892372631,0.839397277179882,0.566933927161599,2
"Cdc42se1.1",0.479325547454932,0.856706788811354,0.516107022515164,2
"Ptger2.1",0.486250385329347,0.87826928727253,0.54473567563887,2
"Seh1l.2",0.429570930698883,0.917531461811987,0.620597709353887,2
"Adar",0.415008695425294,0.888243662489364,0.652776805317261,2
"Ccr8",0.411093643198418,0.896902770432565,0.693114722396567,2
"Epm2aip1.4",0.353382104302726,0.911100089373539,0.616374580273379,2
"Tmprss6",0.384087910080289,0.855437281382845,0.609580649760029,2
"Pex26",0.379556832438567,0.890492905707994,0.587320389422059,2
"Matk",0.37177784627663,0.817837108786733,0.593345049033929,2
"Lgals3",0.347811612237521,0.835580301173431,0.606339313831486,2
"Spats1",0.36423244444252,0.845708093411256,0.606121594513439,2
"Smpdl3b",0.341166820356524,0.857343142486319,0.549212796966152,2
"Ifitm3",0.32968225004731,0.866385841956716,0.594599313985599,2
"Ppp3ca",0.76892737757807,0.966244147249719,0.654695618968985,2
"Kcnk10",0.760572886092726,0.959346674094177,0.680330967326216,2
"Agtrap",0.761462960251333,0.972198364853112,0.677380897962374,2
"Glg1",0.758650223949782,0.920350840715015,0.6688461210671,2
"Ift57.1",0.755950093021139,0.943807561034374,0.689337840297287,2
"Cox18",0.763222535549625,0.923918470920606,0.688900831005341,2
"Gm885",0.752020859136914,0.927893650336718,0.692868546313634,2
"Snx12",0.807035994642105,0.930780715467326,0.687509203954782,2
"Cops4",0.780615412329674,0.949235575591404,0.697533437179673,2
"Hdac5.2",0.768101274688584,0.949011587551147,0.69544544824637,2
"4930402H24Rik",0.72162307096069,0.934647179633716,0.697324918042564,2
"Foxred1.2",0.723234671348182,0.946206254212226,0.679554172600517,2
"2810474O19Rik",0.720327808842568,0.953459675616125,0.671494560194854,2
"Lgals9",0.704156021840704,0.948855438374447,0.675099948560117,2
"Dync1i2.1",0.711439231390774,0.950104189506423,0.683760252368608,2
"Arbp",0.720585894837473,0.98084000052484,0.670065767475375,2
"Myst4.1",0.702666180983491,0.971080953664065,0.684198873639196,2
"Tmem38b.1",0.714810346263496,0.96906531650057,0.632490233651905,2
"Insig1.3",0.724347296419735,0.981206333320306,0.637733507902191,2
"B930041F14Rik",0.698202097104173,0.978897808597297,0.65003893043786,2
"Riok3.2",0.708556900397106,0.961685901313487,0.661655285517824,2
"Elk3.1",0.71242374036579,0.954865779760823,0.652795074488671,2
"Foxj3",0.702512265675191,0.932003677028655,0.632721639785288,2
"Hnrpk.2",0.721199342824948,0.933543240012336,0.642538118393095,2
"Nin",0.751459046373879,0.939830171207533,0.642398703414323,2
"Tgm4",0.751244638409289,0.917530857254075,0.625161082543962,2
"Sdcbp2.1",0.701338678510251,0.978106069092395,0.59337882014623,2
"D030074E01Rik",0.695006498856987,0.954563464659743,0.6100132111656,2
"H2-T23.2",0.700279449065521,0.955488661038176,0.611117579217602,2
"Hmgn3.1",0.730336332883689,0.97916921323616,0.604666247277447,2
"Bbs12",0.744981972311237,0.955057161682021,0.609337904585849,2
"Tanc1",0.737620202683017,0.947463467291788,0.609829100190831,2
"Cnot2.6",0.667249419136365,0.79488005146987,0.691476999106336,2
"H2afj",0.686578368655986,0.811109596821767,0.712860606026973,2
"Nphp1",0.677869577885501,0.822889573301117,0.69232912293652,2
"Rps10",0.718882919769634,0.821891814030354,0.718828895245617,2
"Cyp4f16",0.720929752901991,0.798278089025478,0.686182410118832,2
"Terf2",0.7447172863854,0.834783097903365,0.725915284537438,2
"Fcrl1.2",0.740374547180814,0.840591634017327,0.751208720616919,2
"Lasp1.1",0.698886927641151,0.845098030988362,0.702410523284454,2
"Tmem1",0.719732861117925,0.860095121922909,0.699534114197321,2
"2700081O15Rik",0.70011212188409,0.857972678754912,0.743558531685099,2
"Rusc1",0.683784004134019,0.867403568737045,0.725779180939396,2
"Arpc1a",0.737522151464335,0.783251626432594,0.628047959878177,2
"Gpatch3",0.771850010738658,0.816938231775489,0.611057092033602,2
"Bud13",0.763267598361849,0.816418279309053,0.598996608421024,2
"Clec11a",0.728141092000064,0.873909007832152,0.641464968878098,2
"Rai14.1",0.729060815955997,0.838624768984022,0.664205839865257,2
"Serf1",0.727770933612743,0.841965701316478,0.649030635262504,2
"Phf15",0.668528915579286,0.816369092380147,0.652951216113549,2
"Llgl1.1",0.657124969745712,0.821717203525107,0.617793892659864,2
"Bcl3",0.712275774864148,0.854660627286935,0.603266360108599,2
"Nat5.1",0.692872987172333,0.809589301850831,0.627713764405444,2
"Odf2.3",0.700459809782128,0.810960701958396,0.602904357665537,2
"Egln2",0.695531040643599,0.828980436425268,0.644831847358576,2
"B2m.2",0.682028502349785,0.844580019024113,0.625255730129065,2
"Slc6a6",0.8459683701663,0.867946550057588,0.558303211515576,2
"Tbc1d8",0.829988495886284,0.872507532751705,0.562775226957183,2
"LOC667250",0.829939487185247,0.855663707595839,0.580579921487181,2
"Xpr1.1",0.821994535166708,0.844991851266296,0.600084845833963,2
"Alg8",0.847169991598911,0.851028837560994,0.617206121343933,2
"Fahd2a.2",0.847741701191541,0.880611737110803,0.593442505214348,2
"5230400G24Rik.1",0.838396778618466,0.870446609858074,0.602621204820717,2
"Gpx7",0.849723593040919,0.864970703683005,0.605542267585673,2
"Mrs2",0.897801495007837,0.833097091689059,0.55508383886136,2
"G3bp2.2",0.929411932508586,0.828416047281189,0.621865515396166,2
"Otx1",0.906283855280019,0.869749122134733,0.62019866411455,2
"Gats.1",0.86539498206907,0.779139482339964,0.61479891939847,2
"4930503L19Rik",0.862686165395745,0.756668167250252,0.639491365647037,2
"Ndufb5",0.886342498183749,0.759325724803864,0.628487241955203,2
"Higd1a",0.812465025597249,0.760724936993351,0.615366773726768,2
"Afg3l2",0.837747228428284,0.769468214300034,0.619655356201175,2
"Prdx5",0.846292644214375,0.801169510486931,0.610274569934839,2
"Kif3b",0.833069590753458,0.803718706361891,0.585707698903164,2
"Adnp.1",0.921520155320434,0.743689857955764,0.576030748397331,2
"Srp72",0.900501920461015,0.769782352190589,0.571292458708165,2
"Ehbp1l1",0.908157530147611,0.758166882419803,0.54577584632197,2
"Hprt1",0.890149493679592,0.784679314368665,0.600082749603129,2
"Zdhhc7",0.915849782591026,0.778493998439535,0.607366765447608,2
"Cdkn1a",0.943056343198417,0.790534439371069,0.623813804013142,2
"Rab9.1",0.941654928331894,0.780494258693982,0.585588783911616,2
"Nampt.1",0.799044034553769,0.815187982215703,0.758688686166926,2
"Ninj2",0.785177662935322,0.832950693928964,0.749545615643765,2
"5730455P16Rik.1",0.787558116661023,0.828243791836544,0.708648276094957,2
"Tex264",0.785678275400256,0.808996918385608,0.742043704933824,2
"Tardbp.1",0.790618927176269,0.800142395715604,0.723581999091833,2
"Surf4",0.771179767889239,0.783363900069053,0.687642448503714,2
"Gipc1.1",0.821220428929177,0.777636207052356,0.67616415208547,2
"Rab34.1",0.83127189244362,0.803849153607865,0.698677190861513,2
"Eif4enif1",0.823017457437068,0.814236310438839,0.670951043006751,2
"Sumo1",0.836186001148797,0.804518979981119,0.678248943613725,2
"Ier5l",0.874671889585661,0.878646992142219,0.693817063990171,2
"Eea1.2",0.863875198845865,0.863171858057258,0.695019205512437,2
"A430005L14Rik.2",0.872363534442474,0.840603681568115,0.69806121648983,2
"Atxn7l1",0.845130866475644,0.855465718749607,0.696637454915828,2
"Lpxn",0.850991931706697,0.854405610247899,0.683776155070298,2
"Gata1.1",0.866330887177488,0.827584303961435,0.726199755478039,2
"Cnot4",0.825281830080823,0.831997716463956,0.697395015865777,2
"Casp4.2",0.840670424453092,0.833989016312646,0.674218166497314,2
"Aktip",0.87243446947531,0.803970319725503,0.683178467854599,2
"Fbxl12",0.894710975966293,0.84435018394871,0.670505920165068,2
"Sh2b1.1",0.88145400419072,0.821062976275754,0.655324244529636,2
"Nampt",0.91271831549527,0.77897765174008,0.703502919292757,2
"Slc39a4",0.916690866908421,0.821430133065878,0.696888416905819,2
"Cdkn1a.2",0.934781928972302,0.814424518943862,0.67704283834361,2
"Ppm1k",0.867960793094432,0.919294221860259,0.641383559567115,2
"Trim21",0.86966197963972,0.886417898325179,0.647676275605872,2
"Supt3h",0.9175780374924,0.897281094417562,0.698462783645666,2
"Stx5a",0.858597937591094,0.948702173803593,0.694602477512314,2
"Ppt1",0.874264355711904,0.926817589701005,0.692554180588111,2
"Atp8b4",0.870573223602923,0.925486023390752,0.693098663324956,2
"Hnrpdl",0.795498846105046,0.924337786261754,0.639778254824448,2
"Plod3",0.802115878571829,0.943139042215292,0.653348554699421,2
"Spcs3.1",0.807805287270655,0.940842747083049,0.662920518618328,2
"Rad21",0.807288984295856,0.940857742896304,0.668058959194536,2
"Taz",0.841278914400846,0.953613074116542,0.662002371364217,2
"Scarb1",0.826839647712973,0.922186456500091,0.654566806886666,2
"Extl2",0.845087306659231,0.910757127011014,0.660836596584776,2
"Evi2b",0.839625261968858,0.914862899887975,0.64999431404711,2
"Hmgn3",0.790961957601503,0.945671784929453,0.592453781025328,2
"Lgals4.1",0.829619514774401,0.931145562262166,0.613001980660432,2
"Scamp1",0.824862641485336,0.89731681562314,0.617566350069696,2
"Acvr1c",0.826442934600312,0.894624321993905,0.593325307739994,2
"Luzp1.1",0.843704067577042,0.908074494289417,0.601168573062822,2
"Serpina3g",0.775354121199518,0.871104118892221,0.692435765175066,2
"Rapsn",0.787316291389876,0.852827779106309,0.66736040275845,2
"Adam15.1",0.834346705971001,0.893278384143417,0.69678453893759,2
"Tgm2",0.831448749359106,0.886243392817901,0.662717236773437,2
"Rpl41",0.81266775326618,0.898214362045809,0.674063526934929,2
"Arpc1a.2",0.807729035775215,0.858657495752013,0.645229124623824,2
"Casp3",0.811401224016542,0.848599654036327,0.623616393400805,2
"2510003E04Rik",0.806769563750825,0.833574956864788,0.637584149500491,2
"2810407C02Rik.3",0.781865823915641,0.882650502010786,0.619419758028821,2
"Cdkn1b.1",0.792904466438163,0.902485413001235,0.662470567077561,2
"Rbm47.3",0.784948021465765,0.890547093724352,0.650265023317857,2
"Cacnb3.3",0.792204164877819,0.764371957595672,0.429282667165583,2
"Stra6",0.808810865114005,0.785821267484865,0.447537602767537,2
"3110001A13Rik",0.820635499514525,0.775817654971568,0.448878248614611,2
"Batf",0.848383964851579,0.716444313230725,0.394148987756187,2
"Sepn1",0.82805364706465,0.720813986750143,0.412981270108305,2
"1700023B02Rik.2",0.894468659111126,0.741174373437965,0.419214568000593,2
"Tbc1d1.1",0.907715720465979,0.732592628892731,0.463047978164103,2
"Mtmr14.3",0.907428963089034,0.718749099849712,0.446863565647204,2
"Fn3k",0.850247617655832,0.635432988734145,0.492380487558724,2
"Nt5e.1",0.913676698040578,0.640815494102442,0.497128717775089,2
"Smtn.1",0.848566658228313,0.734699042132465,0.525448235544527,2
"Snx25.2",0.871403934936552,0.746978198807703,0.550467939188807,2
"Lgals6",0.856559649542752,0.743168032358891,0.491209654428929,2
"Ptpn11.2",0.860558658503409,0.758756003186674,0.47409272694478,2
"Zcchc6",0.88087316910433,0.722209328954504,0.482982019940023,2
"Nt5e",0.884592307170261,0.732716447130819,0.519678268136179,2
"Mtmr14.4",0.871156695634219,0.72864445669215,0.50751009621035,2
"Jag2",0.658221893298247,0.816296268164,0.363797843366388,2
"Arhgef2.1",0.626969840189723,0.800590397652936,0.42287970203281,2
"Elmo2",0.664459700636491,0.817595866570523,0.434774993402787,2
"Vamp4",0.672344576637149,0.807846553551337,0.432546957282257,2
"Kif14.1",0.716444227848078,0.787364965479567,0.449699469167103,2
"Gm867",0.676161279142376,0.78970079521604,0.453710822375628,2
"Elmo2.3",0.694679092023898,0.780872675976848,0.448727200589348,2
"Dmwd.1",0.737057665837491,0.807314548586266,0.420991166626852,2
"LOC433801.1",0.71212386087056,0.851680498272503,0.431114414807082,2
"Npc1",0.812567274964339,0.846771523223213,0.544379006559673,2
"Fbxo4",0.787547031889412,0.86365473968047,0.545890923212066,2
"Smchd1.3",0.780346493022527,0.817392918824656,0.525486634980393,2
"Mef2b.1",0.813014763883783,0.837065583325406,0.509439328960903,2
"Mef2b",0.748007674841261,0.837910110348014,0.495831288565287,2
"Slc19a2",0.799177481703319,0.893223870748605,0.515647958467638,2
"Cyp4f18",0.811404559050435,0.879547257342508,0.479657809830136,2
"Arl11",0.787674223037671,0.880833148952497,0.471778259521963,2
"Dmwd",0.791835465802958,0.876909621023556,0.47763155977816,2
"Tor1aip1.1",0.762270113983341,0.90490234413712,0.585425486259456,2
"Id2",0.737965914273217,0.902610133564259,0.584788319958101,2
"Sdcbp2.2",0.729005967098888,0.910469427340681,0.575815311220938,2
"Rab6.2",0.73198443163404,0.879433986661312,0.535607639576795,2
"Kbtbd7.1",0.766733410017858,0.903908218610884,0.542215778266441,2
"Luzp1",0.761696237478441,0.905288264905246,0.533106299630248,2
"Ccnd3.1",0.777705312384242,0.811834139679947,0.559218158615045,2
"Id2.1",0.751657901881158,0.828061423917829,0.555283903780652,2
"Morc3",0.783643318784612,0.851598792771344,0.590498140787782,2
"Casp6.1",0.765736322551802,0.875921261302084,0.564386502427826,2
"Ssh3",0.74211448621185,0.769474027272531,0.47740761105261,2
"Ddb1",0.751196421131541,0.761643913510696,0.45506788301327,2
"Rapgef3",0.697863929466573,0.730261050262213,0.476847801796275,2
"Hnrpa1.1",0.708285414983647,0.759740125960776,0.472700083210637,2
"Casp6",0.746733318961089,0.782625574704128,0.521751100972357,2
"1700023B02Rik.1",0.775659403887935,0.763432633886739,0.542243581324909,2
"Plxnc1",0.727068991061389,0.696080064062899,0.554899908551484,2
"R74862",0.712825353535839,0.719879516947034,0.544808939059567,2
"Tial1.1",0.761158265928376,0.694863302965048,0.539504604454454,2
"Alkbh5",0.758381668668164,0.726570911707691,0.581481297610065,2
"Tarbp2.1",0.493825078760746,0.966106680989508,0.415237521157303,2
"Chd9.1",0.453116361007088,0.95599704571786,0.394683050593791,2
"Oasl1.1",0.535274203956545,0.907698356165855,0.393382268118249,2
"Rnf113a2",0.513956095779776,0.907267055701256,0.402118704825216,2
"Oas1d.1",0.547060795329306,0.936885327209763,0.349131244604816,2
"Dnalc1.1",0.528698586592864,0.910779252432029,0.340030721670558,2
"2810474O19Rik.1",0.521265178855862,0.92636200676852,0.323561205866282,2
"Lemd2",0.481951886107932,0.905469433071973,0.244979268026133,2
"Oas1b",0.473585034335309,0.941495370869761,0.276369218403149,2
"Centa1",0.421822576116927,0.957969443906553,0.269401020790613,2
"Ddx58",0.43179687131316,0.92647403124273,0.259648641340242,2
"Stat1",0.41233050422571,0.90664417796905,0.334474702025567,2
"Eml5.2",0.40203344963496,0.906241412129894,0.32766638295944,2
"2310004I24Rik",0.407012512828231,0.900023268147885,0.28781090412219,2
"Esr1.1",0.439913081503469,0.911641026439692,0.298391882372572,2
"Cd86",0.59024446510549,0.823962356570819,0.212575215115088,2
"Cdkl3",0.590002393601301,0.839589579386663,0.266326226675796,2
"Ipmk",0.544896388019599,0.902155952722391,0.262814266647924,2
"Sgcb.1",0.546998589780063,0.882967753929987,0.198859290790204,2
"Oas1c",0.597271519189626,0.927690694729105,0.319487503707669,2
"Irf9",0.626100322516422,0.925344199917231,0.323663351887774,2
"Dnalc1",0.590554745504953,0.968704683678077,0.385016677537643,2
"Kbtbd7.2",0.618213298399745,0.929870134362904,0.374606720951166,2
"Tk1",0.502058726263405,0.821651745591858,0.308580735962708,2
"Irak2.1",0.510656540903329,0.868612004377305,0.315430585794499,2
"8430426H19Rik.1",0.481354170067941,0.895137747986565,0.323331170497644,2
"Snx26",0.501672228455957,0.908284057591961,0.308483922249856,2
"Gba2",0.610168744440856,0.838182966536801,0.360258946156259,2
"Fhl2",0.599072571294051,0.8640263016485,0.402305440070457,2
"Klrk1.1",0.577577420344604,0.862323256660632,0.370880284493312,2
"Wasf1",0.487159492488374,0.799534972779124,0.379215392711,2
"Slc37a3",0.496985660542284,0.83683197721623,0.379572111025999,2
"Il4ra",0.552552793858567,0.802301856115858,0.395833978448489,2
"Hexb.1",0.540979391405406,0.849205186136187,0.361583524288063,2
"Lrp11",0.734579278977078,0.704716376585993,0.0985264943206074,2
"Mxra8",0.665860173184679,0.696579174245999,0.174139444233538,2
"Cdkn2a.2",0.597164646499011,0.729658744243437,0.117144456891716,2
"Fhit",0.567612679744857,0.7447466935851,0.105306813164598,2
"Cd86.1",0.642851406021961,0.772899422769899,0.139688202782316,2
"Cd86.2",0.642454549777751,0.813747440703502,0.163472376328175,2
"Zfp119.1",0.599621056839999,0.594749929421716,0.14231300645348,2
"Stambpl1",0.707024592418304,0.601655383528441,0.190647119410233,2
"Tle6",0.614216200465614,0.490926275226037,0.285244786684183,2
"Sh3bgrl2",0.609772466111231,0.614101384109045,0.262149795039368,2
"Tmem158",0.551720290573394,0.595674631182318,0.292686796043984,2
"Slc9a5",0.560312878599002,0.599840995496914,0.330800402970657,2
"Ctdspl2.1",0.531943867117101,0.712015736319929,0.376903536427244,2
"Sgcb",0.570670882839272,0.741722308061409,0.363278125968333,2
"Lrrc16b",0.560111184037603,0.726634517811596,0.39097851139752,2
"Evi2a",0.542632938950427,0.636436714422479,0.401620957904217,2
"6030446N20Rik.1",0.553482526225729,0.657974979097621,0.37146782269854,2
"Hexdc",0.600113424258172,0.642040320900777,0.405744778116769,2
"G6pc2",0.615356094698854,0.688039667250965,0.431870984709865,2
"Sart3",0.615971221725765,0.686649405643808,0.360330010962521,2
"BC057371.2",0.643069019363739,0.710504486943055,0.341467597370488,2
"BC057371.1",0.58117123926103,0.706183113025968,0.305756484973395,2
"Osbpl2",0.566505757521866,0.708390780032638,0.298934234864804,2
"Sh2b1",0.628448150578321,0.733596599324399,0.280969731223605,2
"Dcp1b.1",0.612613407852991,0.747023936627375,0.263606129629606,2
"2610524H06Rik",0.511679661866243,0.649142238150889,0.218728300312153,2
"Mboat5",0.519593755577887,0.640800501340625,0.256657237457546,2
"BC057079",0.518796459924332,0.759328475097067,0.261036030810019,2
"Wdr59",0.54978000568954,0.753347071071507,0.2467362426597,2
"Centa1.1",0.574780379055804,0.715749695524511,0.1973487737731,2
"Stxbp1",0.560401923324031,0.715317907412418,0.256641765052466,2
"Asb2",0.593630160770949,0.746548164625931,0.237924712163854,2
"Tnfsf13b",0.562600550290295,0.555308054337895,0.835365030505364,2
"Gys1",0.5808037206881,0.628561222867463,0.859737592958416,2
"Pfkfb3",0.559009439937023,0.623298258059388,0.871498659356385,2
"Cdipt",0.635393317813223,0.475401361144386,0.831427308665599,2
"Furin",0.634047276944596,0.505281990044358,0.918503165287532,2
"Lif.1",0.607769409026735,0.493618857742559,0.877673149316003,2
"Ctsw",0.46498953552114,0.543753774888057,0.99398817388802,2
"Actr3b",0.543886379813809,0.467026573413448,0.984020908282345,2
"Plcxd1.2",0.580451026313865,0.694248889418005,0.981550171027752,2
"Slc25a23",0.579720184462452,0.655595109757007,0.944184843494841,2
"Prl2c2.1",0.646499460191316,0.594204920554031,0.975983307126378,2
"Furin.2",0.568984749703654,0.571303864317135,0.962225233528773,2
"Neurl2",0.787729125612764,0.70124321472139,0.96652370125233,2
"Mtap9.2",0.843624157373643,0.708607315186696,0.953800873340724,2
"Zfp82",0.794590202070088,0.656818240839125,0.929875264007981,2
"Aco2",0.749725329587353,0.668819125866358,0.917540885297072,2
"Dhdh",0.758386215996893,0.702438195383605,0.92368339384943,2
"Pkp2",0.725219107097228,0.688360128517113,0.972543023389925,2
"Haao",0.690243559638989,0.652575206473128,0.970202276966601,2
"Pkp2.2",0.68203622743589,0.676632648851178,0.976954958759901,2
"Rnf185",0.717403280075462,0.763640445500811,0.906498838209556,2
"Snf8",0.728635572960763,0.746521753066077,0.933798009799418,2
"Lmf2",0.777507841312889,0.730261203950796,0.88400104770572,2
"4933428G20Rik",0.727689147819831,0.718705313420328,0.867916921738361,2
"Gde1",0.752284107458923,0.682011595876783,0.873368795628431,2
"BC031181",0.844031511783784,0.687425742167611,0.841060054772713,2
"Pik3r2.1",0.857567324595835,0.694650043269926,0.865877784746418,2
"Aco2.1",0.868689903987396,0.700398284319284,0.865619504089375,2
"Myt1l.1",0.816783234931493,0.638508599822336,0.866959322385783,2
"Matn1",0.799519923771906,0.611425266640589,0.858773771235098,2
"Pef1",0.849299697472437,0.654207851561176,0.783873238634594,2
"Nfx1",0.820424800629786,0.670687911935163,0.803218097682857,2
"Lsm12.1",0.849948156912347,0.674580676674977,0.811298174937294,2
"Phf1.1",0.837111233112794,0.692531610133684,0.800015796576982,2
"Slc13a3.1",0.820770618437939,0.622617419095606,0.800483938679944,2
"Irf6.1",0.849639624542065,0.622341672278233,0.802751780059418,2
"Cst6",0.790061619824702,0.652089031068454,0.803712446538675,2
"March8",0.804261816285188,0.656485323737712,0.842071960979208,2
"Vldlr",0.657084277428314,0.650092103949737,0.785181946988385,2
"Mboat2.1",0.677924783221926,0.630032890708271,0.822632390028918,2
"2210012G02Rik.2",0.696896490224987,0.644889488481533,0.808366139371023,2
"Artn.2",0.713079106389066,0.626277854886927,0.816550744388784,2
"Rnf31",0.72942087832347,0.61376501538976,0.826114112089911,2
"B230317C12Rik",0.738554592989021,0.636199529705077,0.770060911203291,2
"Gm561",0.703184418305741,0.61511806025872,0.765027923120095,2
"Wipi1",0.72432697080338,0.526214045803922,0.791839052936642,2
"Pfkl",0.708808956864447,0.562766270414441,0.773860273038713,2
"Trp53i11",0.785035664379145,0.591333892574755,0.836596971790902,2
"Zfp646",0.749044472985754,0.596263064612401,0.834406995256927,2
"6030408C04Rik",0.737455223218961,0.550819989408138,0.82868855965192,2
"Btg4",0.722589133227293,0.584973571610976,0.866422013638916,2
"Rsph1",0.763503467188932,0.564192934746098,0.910320850112758,2
"Ggn",0.733083545807974,0.620453503516032,0.944753400694937,2
"Hmgcl.1",0.688163291695633,0.599527384310681,0.93319770602991,2
"Cntd1.1",0.757212777084584,0.695981942079807,0.826651907406706,2
"Snx25.1",0.759664034537237,0.691852467520452,0.802569944925126,2
"Six5",0.734115590772532,0.663778001754126,0.810438390161833,2
"Prkg2",0.708858445851916,0.675700020745113,0.810707004032603,2
"Gab1",0.685621872184148,0.64430977802319,0.872654592479046,2
"2310016C08Rik",0.697238284896608,0.669077097822025,0.895784907277757,2
"Dcp1a.1",0.71792623189189,0.688559293609497,0.906617511094803,2
"Tal2",0.853078636433879,0.985858341457231,0.802502913130527,2
"Srpr",0.818524829725677,0.97113470317514,0.82296354590374,2
"Pqbp1",0.817009353539352,0.966216412999609,0.795259780200012,2
"Gldc",0.817674389874127,0.986588140949216,0.788222248711915,2
"Pdcl3",0.812293022605355,0.955604794772178,0.882329618001181,2
"Reck",0.774978389100285,0.97909682371915,0.866159899528364,2
"Serpinb6a",0.807073006511483,0.936745059623023,0.760600569241663,2
"Poli",0.797022143172829,0.951135375968103,0.771571996085701,2
"Slc25a14",0.793908357158856,0.939915320129688,0.781153430139346,2
"Zfp91-cntf",0.793659237064804,0.909705678399296,0.798326785969174,2
"Tnfaip1",0.799198021746766,0.891449961986998,0.786739373829133,2
"Gnb4",0.780773396335916,0.912426936384864,0.819132962896906,2
"Tmem159.1",0.777029011202346,0.891279097379334,0.811670208874728,2
"Mrpl44",0.757466147241316,0.954963723068357,0.743976515091607,2
"1700019D03Rik",0.736146310813168,0.986651319366455,0.761887975092392,2
"Wdr60.1",0.727134429776126,0.966980766088169,0.755939623023312,2
"Dclre1b.1",0.782698737208408,0.96901702463944,0.824876362224558,2
"B3galnt1",0.784529993481232,0.95833756152726,0.79580632917983,2
"Adprh",0.780735469789089,0.968802268801948,0.789349141471455,2
"1700037H04Rik",0.722173649900934,0.972416205549657,0.81185259495024,2
"Ctdspl2.2",0.728855573126848,0.936828400139435,0.791471623809447,2
"3110043J09Rik",0.836056042986737,0.847652580231098,0.881613987323523,2
"Mare",0.82870957226799,0.849726795390505,0.907941556216248,2
"Adam9",0.842399834807903,0.832553133991536,0.907449761233072,2
"D030070L09Rik",0.815260776723847,0.92165095276973,0.907127112570515,2
"Hist3h2bb",0.835701413056727,0.915064032849945,0.886375155430663,2
"Actr3b.1",0.82066541877094,0.896397048596975,0.868238718173789,2
"Tspan31",0.845511127079543,0.887746608147341,0.851726884540199,2
"F730014I05Rik.1",0.846398948006519,0.911532048069787,0.852423388517726,2
"BC049806.2",0.812827771508987,0.856013948275419,0.847623994378673,2
"Dctn2",0.766456551541193,0.838613672472533,0.843621982051329,2
"Pde6d.2",0.727873099621081,0.886842087327979,0.881627062436381,2
"Clcn3",0.763229978584766,0.91838498475742,0.89941468893772,2
"Atp6v0e2",0.882547840888421,0.889083672357129,0.942523559810585,2
"Tnni1",0.886108973134189,0.866409951267023,0.907173199993325,2
"Cit",0.905298840473905,0.91835266682318,0.928524367490867,2
"Katnb1.1",0.895806728217773,0.945889025390352,0.940870176756747,2
"Sc4mol",0.904821671816085,0.947921200802977,0.913584476817107,2
"Nuak2",0.845365594585161,0.91104078564015,0.941600731302462,2
"Snupn",0.874109953048215,0.914129963957786,0.979032987028954,2
"Mapk8ip1.1",0.913164338590851,0.926684891481346,0.852953478661078,2
"Hscb",0.884279565139591,0.894877034358153,0.837415492439151,2
"Ddit4l",0.899795289890967,0.893777107562594,0.844455984316159,2
"Derl2.1",0.909453885765008,0.888501501219365,0.845303377310324,2
"4732496O08Rik",0.855605234827205,0.930334750278847,0.813372367242342,2
"Mfn1",0.875278054356985,0.942927412616836,0.857593355292827,2
"Pml.1",0.837733700546051,0.938253554694495,0.857518722572753,2
"Csn2",0.879561073561077,0.772077154047628,0.9314348227527,2
"Ccdc28b",0.816826025404417,0.818616520081626,0.956663770645874,2
"St6gal1.1",0.850502586462033,0.815712370963255,0.961543658218554,2
"D5Ertd579e",0.81532150804529,0.744046768267727,0.846294643183928,2
"Ttc9c.1",0.795265575880952,0.779551408728649,0.854785842394484,2
"Akr1b8",0.78280153304024,0.81162736073591,0.89964437985674,2
"Rgs3.1",0.794574439719637,0.774656844024192,0.910861922519882,2
"Mpp2",0.780631228195283,0.779205269815637,0.917723803376316,2
"Acbd4.1",0.827259516149296,0.80296757794546,0.877644167775888,2
"Cyb5r3.1",0.828587627528637,0.784283787583908,0.917558559967214,2
"Otub2.2",0.825782017710109,0.806053119306631,0.91730893433184,2
"Top1.1",0.982731184756177,0.833693513776849,0.834881482983084,2
"Grik5",0.941251419212488,0.842467670193712,0.856909623937704,2
"Zfp316.1",0.926964827262813,0.812243226637612,0.857980350789688,2
"Tmed4.2",0.935250162866308,0.816236833603755,0.850171430361992,2
"Pofut1.1",0.843641247115936,0.799072658289422,0.788076125759122,2
"Map1lc3b",0.85719878868212,0.803410627575179,0.803651233942935,2
"Treml2",0.79583020082965,0.806528685241659,0.815047183739744,2
"Ube2v1",0.805508385517918,0.835972193797341,0.790082941101891,2
"Mrpl51.2",0.818191417978518,0.846205336639712,0.813408834477842,2
"Trerf1",0.893099336726316,0.845466137359559,0.806188084774037,2
"Adcy9",0.866028029075102,0.853942511272574,0.798399313079087,2
"Slfn10.2",0.848502798476972,0.847347243232128,0.800190076446003,2
"Snx25",0.82874125509863,0.856625943466606,0.744321764167691,2
"Trim25.1",0.815860116819052,0.878441771630906,0.747358107193827,2
"Lonrf3",0.862949518783278,0.922170904342943,0.77673969410429,2
"Prickle1",0.88655860822206,0.899684001718628,0.769371010384441,2
"Ifi44",0.480603687401056,0.846888071215364,0.756423464173745,2
"Tapbpl.2",0.478999550352159,0.893259864617377,0.710417143852398,2
"Nol3.6",0.542777742582846,0.90184830164082,0.766078010603242,2
"2510009E07Rik.2",0.522988230958392,0.916602683146081,0.744184522114764,2
"Cuedc1",0.560695356747093,0.913877613401555,0.802199903583882,2
"Car5b.2",0.555048052283449,0.949232086248554,0.779278007594299,2
"Hif1a",0.520143100556518,0.87817896060144,0.799233769032632,2
"D17Wsu92e",0.509868266992442,0.860438980807294,0.783747359241448,2
"Cox7a1",0.503001681544796,0.846591796346441,0.851601355859751,2
"Lif",0.505402930945893,0.820550249584439,0.823775530757828,2
"Afmid.3",0.483718087767294,0.81742983647997,0.837297323063759,2
"Dnajb5",0.530023341194929,0.81653554120745,0.799107390826992,2
"Ifrg15",0.551678359136837,0.804484487256136,0.811753148303175,2
"Id3",0.583712267498429,0.807440026987703,0.760088400575682,2
"Rpusd4",0.546135719663117,0.795099848460716,0.769736416348914,2
"Syngr1.1",0.569271734738373,0.748557997055564,0.830935346229827,2
"BC087945",0.563695040676642,0.75988974198951,0.791868063461864,2
"Ascc2",0.503950978824057,0.781876849921276,0.815377803576257,2
"Tulp4",0.489979077339865,0.747299551543083,0.782359862755953,2
"Sema3b",0.670195436288843,0.942590805044374,0.848870774247315,2
"Tbl1xr1.1",0.648145596389034,0.920921906849808,0.834294212533909,2
"Arrb1.1",0.687700471959804,0.941939085011375,0.879833427942325,2
"Nol3.1",0.706651498780697,0.945023477596438,0.863630496235129,2
"AI894139",0.68364113426331,0.910731110730707,0.899092759557833,2
"Polh",0.701634176176092,0.910814277311389,0.873399961467858,2
"Cd79b",0.668368294623562,0.904672817683936,0.857243505455226,2
"Bnip3l",0.666831788930086,0.888759930126534,0.869281555086564,2
"Tmem81",0.669584061778282,0.885112393262889,0.849987375512835,2
"Cercam",0.651425789182957,0.864523363353929,0.848896902145913,2
"Prdm16.1",0.678673126039671,0.871404275119225,0.844681540340737,2
"Dgcr6.1",0.69278136017266,0.867542159693623,0.844792904220133,2
"Fbxo21",0.696221262696989,0.916504634014783,0.836019348058565,2
"Wtip",0.698983409090121,0.929557199659845,0.835959273714347,2
"C76566.2",0.713469830537414,0.887262792085871,0.811352745390333,2
"Clcn7",0.686522333725191,0.897495843510591,0.825446342243182,2
"Pde6d.3",0.654504283645634,0.823033177557306,0.861459913547985,2
"Ifitm1.4",0.630295509775432,0.85200994254062,0.85922267677242,2
"Map2k6.1",0.62618813485003,0.841126380582826,0.875709597253638,2
"Reep1",0.645118469855337,0.839478546559606,0.87647698534421,2
"2210012G02Rik.1",0.640572998562526,0.792944805683282,0.857626426823797,2
"AI597468",0.641242647694213,0.784404472243805,0.844258028138385,2
"Rgs3",0.671772179949531,0.820205731359316,0.804876650248949,2
"Ddah2",0.664125021340213,0.807804109977357,0.798213930583003,2
"Mboat2.3",0.650551174389777,0.80777417595041,0.799151039282274,2
"Rxra",0.56364097286721,0.846645535423264,0.852714320914597,2
"Ccdc126",0.578424441913579,0.850542159720742,0.834320032340626,2
"Matk.2",0.598174739832648,0.918041003647811,0.835820525820495,2
"l7Rn6",0.575792732073139,0.892023987837281,0.829488633546154,2
"EG630579",0.60323506954252,0.820736386488086,0.800316083198183,2
"Usp25",0.595861409111422,0.844556623977973,0.744195978366495,2
"Dok1.2",0.578810108492592,0.848517890395468,0.779761311501442,2
"Cryz.2",0.641870987285089,0.851595245748913,0.802110251300999,2
"Jmjd2b",0.605278751959619,0.858224691736249,0.817417967880619,2
"Oat",0.624671056367723,0.877685643545033,0.819345663506701,2
"Cyp2s1",0.634911961322764,0.853829972182956,0.755063803951589,2
"Hes6.1",0.595404253210861,0.883033498181894,0.76946469401843,2
"Soat1",0.621401754376392,0.878299862690437,0.770537925789263,2
"Pex7.1",0.62117444736904,0.864232462606785,0.770242432475577,2
"Gsdmdc1",0.647200088336975,0.931234346122967,0.732572420274619,2
"Acvrl1",0.629835251587508,0.938847026867081,0.727281714054602,2
"Gab3",0.645761012628572,0.969131829875737,0.768292214564069,2
"H2-Q7",0.641319861281681,0.972302385822936,0.754414745804665,2
"Selp",0.617034691099261,0.967939341336873,0.735813226108886,2
"Matk.1",0.613166227994665,0.968917530961637,0.751436454927127,2
"Car5b.1",0.606898379176264,0.965644759981249,0.750216877051523,2
"H2-Q5",0.677308462837461,0.962327627371414,0.694557744364022,2
"Mllt3.1",0.661125714354701,0.961662738143457,0.717811335278064,2
"Samhd1",0.679416633902038,0.950249204318715,0.721015803594811,2
"EG630499.1",0.670525067785384,0.978529969759838,0.72858765919627,2
"H2-DMb2",0.68677043079536,0.971301466440004,0.761771701052685,2
"Irf8",0.689449879810145,0.962252086891509,0.752499203918152,2
"Zfp212",0.660462858886268,0.949713045955697,0.803180549611087,2
"Cetn4.1",0.665463614078694,0.952157428131686,0.80464031144526,2
"Gypc",0.665463133784679,0.962937679791506,0.781027803406902,2
"Galt.1",0.653526263041381,0.951898219860184,0.779864679783383,2
"Zbtb32",0.67963838547488,0.964657715009635,0.820078834357386,2
"1700025K23Rik",0.693040791406767,0.982126263767951,0.799866578304091,2
"Hprt1.1",0.677477177483788,0.921156886770043,0.755008197824464,2
"Ss18",0.653629582628265,0.899533525410247,0.746115299970269,2
"Gab3.2",0.672165195563139,0.894859693118691,0.765892149546303,2
"Cd79b.1",0.695180457449729,0.911545584344107,0.786030223905039,2
"Polr2d.2",0.659088438093783,0.924166683454505,0.79621087279549,2
"Dapk2.1",0.669900814208337,0.936834105363226,0.784543736605901,2
"1200015F23Rik.1",0.698457689395511,0.891145339248206,0.700198968602649,2
"Enox2",0.702711701846077,0.902078925914821,0.699143460082584,2
"Timm44.2",0.696766724061191,0.905244044062526,0.701210402149145,2
"Scotin",0.686571012970088,0.920305255920253,0.719880426680643,2
"Adora2b",0.698948274500565,0.937131837808662,0.718631801253219,2
"Zfp2",0.699112288252802,0.914429537209331,0.740120973951445,2
"Akt3.1",0.713011932829966,0.908419081104014,0.718688591018973,2
"Epm2aip1",0.650878659227527,0.927979270177613,0.661366102613654,2
"Dfna5h",0.652590872615385,0.922825505193189,0.665898098450927,2
"Anxa9",0.667831857859996,0.910954122416502,0.69222859785045,2
"Anp32e",0.67576780646781,0.935689309009082,0.691001496877217,2
"Zfp524",0.638510843801423,0.897162660616008,0.693976590555384,2
"Slc6a13",0.638271042504458,0.906829207223565,0.681974416422666,2
"Agpat3",0.648839113620053,0.91413777726054,0.718603127818227,2
"Slco4a1.1",0.672878741095298,0.902224071058979,0.717577893871453,2
"Nek4",0.664840991175833,0.911252818244716,0.726610203302606,2
"Sirt6.1",0.670437126490552,0.915823917387843,0.715085560296357,2
"Hap1.1",0.622983014719268,0.911461546590786,0.724614768310244,2
"Etv6",0.620810087195761,0.889747996245368,0.733946536679691,2
"Alg2",0.583224197724952,0.887844059352914,0.721633570656702,2
"Rps15",0.609875586583466,0.881145880353073,0.708027465013335,2
"Epm2aip1.3",0.65065274441101,0.827497553762442,0.689621772414018,2
"Fbln1.2",0.640998030199476,0.848650533658322,0.687192370269171,2
"Zfp821",0.616220993824447,0.857355164588457,0.674573084628934,2
"Bmp7",0.651869722001168,0.866665632419571,0.675178725968973,2
"C85492",0.533137430895439,0.788808725205902,0.839421318207995,2
"Crocc",0.560821311944814,0.801819790544935,0.854240907158329,2
"Lif.3",0.50626540925701,0.779172161601371,0.876418552844521,2
"Gstm5",0.523332621236357,0.762004405650302,0.856619550484824,2
"Mboat2.2",0.544280407842497,0.769520691976898,0.876514923256134,2
"Plcxd1",0.518692217876534,0.765741926352892,0.939759188444478,2
"Plcxd1.1",0.527118024679466,0.741188850286951,0.955599600533851,2
"Dock9.2",0.545456054018443,0.699033393266085,0.879569326589256,2
"Esrrb",0.572714272409589,0.725672633725259,0.900827571589681,2
"Fscn1",0.605670182187525,0.800035761674646,0.884622518929798,2
"Sod1",0.605731864418369,0.798895964055132,0.870915442807164,2
"Tns4",0.562411188687241,0.784462504971266,0.886929348144178,2
"Bik",0.573680323304577,0.797031526857802,0.892108939389124,2
"Smtnl2",0.586091502584572,0.81791331594918,0.941887658627385,2
"Myl4",0.598415610204905,0.849505318802957,0.922021852015247,2
"Atp6v0a2",0.567657660470906,0.850006341415808,0.902199754208309,2
"Dhdh.1",0.717676128479292,0.818755848392263,0.903995099690992,2
"Ostf1",0.684751429090178,0.802221352585939,0.917709595073362,2
"Myh10",0.686245915272181,0.865435928907997,0.946925863744225,2
"Egln1.1",0.696781319195346,0.837633309416612,0.954089248205356,2
"Folr4.2",0.678761936548558,0.821798242630005,0.938839263389776,2
"St3gal6",0.631403409610302,0.73857179656415,0.971730047739999,2
"Ar",0.619932383160555,0.771250456241015,0.962899348255254,2
"Aup1",0.634761854972746,0.768611369170567,0.887227641953356,2
"Fut10.3",0.64719350869619,0.78222950074896,0.922260402501327,2
"Ppap2a.1",0.683900038821381,0.74325586869316,0.887339528490759,2
"H1fx.1",0.682922279744093,0.779368186198557,0.901828104883748,2
"Egln1.2",0.672734503651103,0.778978258172354,0.883036613861289,2
"Dnase2a",0.66896671309565,0.80106744769028,0.884780324345133,2
"Sirt6.2",0.693524605421184,0.795772947872857,0.884077825360708,2
"Mdfic",0.80138476201517,0.744330843496699,0.733377293439456,2
"5630401D24Rik.3",0.776415663459207,0.701350214997572,0.729310125007999,2
"Ddx25",0.78316834478972,0.69835733917585,0.742383317931471,2
"Gatad1.2",0.795376242933663,0.69596479646084,0.736610616584208,2
"Pet112l.2",0.738890632981833,0.711469565308379,0.773762472825223,2
"Hrc",0.735898191717934,0.742134062371462,0.723962732435733,2
"C030046I01Rik.1",0.707691296269926,0.750915532980116,0.757005005904539,2
"Tbc1d19",0.728018794462986,0.858971473484059,0.792273705755748,2
"Hnrpul1",0.694729024044722,0.832834749963003,0.835869631120456,2
"2700097O09Rik",0.705709806961093,0.845621369607979,0.815079628686281,2
"Pde6d.1",0.754931308632566,0.778703497585122,0.852134086917117,2
"Cdkn2a.1",0.738958115977614,0.800499575633603,0.853965216774042,2
"Gga1.2",0.722841325816238,0.786687146212971,0.833077707057409,2
"St3gal2.1",0.699415435810987,0.790531015263866,0.831778981758529,2
"Samhd1.1",0.693491148961788,0.752230252924336,0.825318123582272,2
"St14",0.683094319353115,0.768839511342738,0.838710918730409,2
"Tmco6",0.675379860972692,0.782955540739473,0.850340200282493,2
"Echs1",0.603347774015173,0.772573261876089,0.702266157145407,2
"Eef1d",0.581584660096345,0.777202727288559,0.697144395786176,2
"Sntb2.1",0.579487315612736,0.77199213776506,0.708517933484672,2
"Palm.1",0.625547978138894,0.774547021081547,0.723987835873948,2
"Terf2.2",0.625605347517767,0.766391391430454,0.689563228506179,2
"Rnf170",0.635388041672117,0.721622718805094,0.777813836910171,2
"Foxq1",0.619990114937683,0.712067225101085,0.777611399459195,2
"Smg6",0.655839789235259,0.745658868074881,0.777830067179009,2
"Nol3.3",0.638625591795663,0.764532334237992,0.814713209903021,2
"Hexim2.2",0.646214322915558,0.751296268702584,0.816609430776957,2
"Enpp4",0.668908179073766,0.800409908408376,0.756775769909504,2
"Ldhd.2",0.693353797814979,0.788964674249637,0.74788792807693,2
"Lrrc29",0.620889041222928,0.775159837743213,0.76576886544002,2
"Pabpc1.2",0.617086862157354,0.779585616556102,0.746761570440095,2
"Evi2a.1",0.649085337825684,0.819380386183479,0.736599484892924,2
"2210012G02Rik",0.62731401985495,0.79682258021074,0.762066151705689,2
"Tom1",0.628966754378556,0.81406407864043,0.75123167418575,2
"Fgd1",0.694024833293981,0.726116458083594,0.628323673838486,2
"Tk1.2",0.672090741596099,0.76099093986806,0.673239457040891,2
"Sypl",0.625929288428945,0.753282267705798,0.613497826250517,2
"Golph3l",0.635070737700018,0.748665245633608,0.614140364655133,2
"Spag5.1",0.610604209100213,0.719966422251391,0.65329444432861,2
"G0s2",0.629736342879531,0.748024551505567,0.652292712330478,2
"Dync1i2",0.624446448687026,0.728399425358599,0.671877115254024,2
"Lrig3",0.644515984863642,0.736265989806379,0.669833572612439,2
"Amfr.1",0.729089514139625,0.693421563354979,0.690287139936064,2
"Aggf1.3",0.745380698423438,0.682372726047595,0.689012503053316,2
"Adam15.2",0.710286372785755,0.693474859169668,0.676981027816827,2
"Pkn2.2",0.712827202409088,0.725349636341099,0.664457318313303,2
"Inppl1.2",0.734034509313189,0.712375403662405,0.668750543422627,2
"Tmem143.3",0.670866301905222,0.665349275553996,0.698277683427076,2
"Tcfl5",0.690471979933212,0.659748797197719,0.717601420987258,2
"Htt",0.658147278143928,0.680678761324552,0.669052069529876,2
"EG245297.1",0.649832527564813,0.645858190725105,0.678411744861289,2
"Ela1",0.673039087554084,0.648349526530021,0.673771559940126,2
"Il19",0.515890060754886,0.322738958061908,0.935839217517446,2
"Stk32c",0.577708485931673,0.414830020065459,0.881505787195599,2
"1190007F08Rik",0.57937337283807,0.423767571841724,0.837546490996011,2
"Mbtps1",0.619419783783393,0.394153865878988,0.768871477670548,2
"Prr15",0.534971872026296,0.355411293383055,0.779626227259798,2
"B430306N03Rik",0.363035842457585,0.509487906646929,0.847247247746937,2
"Zfp316",0.42802386801731,0.430701264591701,0.832390309237456,2
"Gna15",0.482004264218127,0.499606396968914,0.845728542914949,2
"Tmem60",0.451881814836667,0.515543814286821,0.844338871476149,2
"Csrp3",0.424425791762624,0.402623388658249,0.611477231981433,2
"Rad51l3.3",0.395217232520337,0.443096443630121,0.621803562005561,2
"Col5a1",0.359901251208143,0.412688534342855,0.731859734371405,2
"Rnf138.2",0.34083848847473,0.367507220516966,0.710479966607913,2
"Adprhl1",0.274328501881788,0.662176708898161,0.705611879594226,2
"Dnajb13",0.299353130604826,0.702318549045984,0.693627446190731,2
"Tmem140",0.265602095354673,0.566159672577359,0.707301116708048,2
"Cnrip1",0.340045251174373,0.623818136286169,0.772899281229825,2
"Ica1",0.329540362088536,0.569426446249771,0.767128090340441,2
"Rab33a",0.312613378050718,0.629039506234624,0.890040930424678,2
"Akr1c18",0.295471081735937,0.605253888745641,0.885382086022421,2
"Rhobtb1",0.407308636794874,0.71094790537264,0.91300681292617,2
"Rnf208",0.410311734825198,0.604846991877034,0.943920150215901,2
"Ophn1",0.420942180077779,0.605489870528117,0.863409663892181,2
"Speer2.1",0.581839855624786,0.654497987127395,0.613651074474413,2
"Amotl1.1",0.490168637075982,0.636070861603015,0.636085222607147,2
"Lrp8",0.539643918979473,0.610083984201159,0.61372696833939,2
"Bbs12.1",0.510294294273992,0.648234995106738,0.578960068070603,2
"Piga",0.419247598361884,0.606055463510616,0.593917884028574,2
"Col18a1.2",0.427082118590667,0.557610717892274,0.575830514470447,2
"Pvrl2.1",0.489549729584676,0.532215532157568,0.600227212792225,2
"Igf2",0.428713810979505,0.49964631655464,0.653881459370673,2
"Zfp142.1",0.615304088212195,0.62628726276799,0.667396940665841,2
"Dab2.1",0.596090935197224,0.605072047382024,0.706241907317305,2
"Cdca4.1",0.574098451128081,0.628227118915835,0.759674597861826,2
"Abca3.2",0.655781243163412,0.605618705974689,0.755081496311596,2
"R3hdm1.1",0.647364732664946,0.619036457509046,0.741017933433042,2
"Prlr.1",0.617539200781055,0.538142658270457,0.743549437517444,2
"Nphp3",0.525324855941078,0.534753608537136,0.765190950430815,2
"Extl1",0.53863904519608,0.540765317482826,0.754607171763343,2
"R3hdm1",0.53028193257039,0.483385000952456,0.727858191805328,2
"Fcrl1",0.545774292112908,0.494119417201312,0.739758585426939,2
"Med28",0.489903669652951,0.67308625353156,0.78222099082431,2
"1700030J22Rik",0.506334943509339,0.66804453004044,0.825701945640735,2
"Mdm1.2",0.461125910329041,0.708812990298135,0.838901937585076,2
"Dapk2",0.416094868198486,0.676805793770361,0.827352630641316,2
"Gria3.2",0.445653330808818,0.571218130353334,0.766393660539556,2
"Cul4a.1",0.385428450251057,0.606755322244678,0.694451698821475,2
"Mtrf1",0.43242584483272,0.636346710811036,0.714066774171086,2
"Plekhg3",0.412255721574596,0.632162379465559,0.699061890042031,2
"Fert2",0.512641948180695,0.605116673913674,0.691262391533915,2
"Il28ra.1",0.499336719001096,0.609803956153971,0.733262599235001,2
"Mta2",0.498240633956652,0.664474555783579,0.718598852994194,2
"Hps6",0.489237280891362,0.691024441149369,0.673691165395603,2
"Rab6.1",0.860585782734306,0.65398999058731,0.671067354111619,2
"Vhlh",0.879670410844031,0.640314280511333,0.680440394480585,2
"Kbtbd10",0.837634111765065,0.66527627145666,0.67867712544801,2
"Artn",0.81732221194426,0.669545323500448,0.676421070209341,2
"Rorc.1",0.822352872366257,0.675246883427524,0.689810763843953,2
"Ilkap",0.856172160480013,0.681859824707724,0.712120526094803,2
"Rpain.1",0.854497876818661,0.683428645810198,0.684100308613491,2
"Rasa4.1",0.783211230977078,0.626563205273012,0.661777166542146,2
"Bcas2",0.788353888568237,0.637816733872094,0.637622397522734,2
"Mtmr14.2",0.768406817792409,0.645067296208838,0.616887432880244,2
"Brd8",0.77176317025699,0.676947642710426,0.650020831250671,2
"Rps21",0.743482854048563,0.641776217578737,0.65491360671566,2
"Tep1",0.734323391744777,0.65766243350454,0.643316663804204,2
"Ccni",0.817531345935897,0.734963954226044,0.663690288684857,2
"Noxo1.1",0.816949786190312,0.705445896634758,0.68745521433276,2
"Galt",0.81378344118979,0.714311465845987,0.625972475120118,2
"Usp22.2",0.778301964891838,0.717551454651832,0.653399469076212,2
"Armcx3",0.784661525888281,0.735140289690178,0.624396994309761,2
"Eif3k",0.77376160615279,0.731387876367084,0.636151637421902,2
"2010001J22Rik.1",0.959660610809786,0.68195847442006,0.763315124144715,2
"Bcr",0.911450124001859,0.695288740088368,0.758126544377241,2
"Ltk",0.905303805147224,0.722223763720663,0.736536305017652,2
"Apip.2",0.880445616814128,0.769894272963954,0.769505839085325,2
"Kif15.2",0.878910037468346,0.758815984820585,0.757982445182918,2
"Cdk5rap1",0.870319446190433,0.761338219104178,0.682465575662906,2
"2610020O08Rik",0.876784950586234,0.736165281788624,0.668438484924307,2
"Muted.2",0.869212898854269,0.732327680402047,0.688256132514938,2
"Gtf2e2.1",0.926476037776025,0.730922056313702,0.672943936950858,2
"Slamf9",0.942837809615319,0.716072090103283,0.661308819953342,2
"Phlda3.1",0.976819005054967,0.772144915943195,0.643178328402,2
"Mapk13",0.957908365714948,0.764656833034928,0.689366163441661,2
"2310047M10Rik.1",0.947289050729823,0.757987084154989,0.670134427433761,2
"Gltscr2",0.95947807732861,0.638098804409483,0.606751705069248,2
"BC038286",0.956925017179008,0.681709863675088,0.580751286718993,2
"Tuba1a",0.904595290252146,0.702163580604464,0.594829286693277,2
"Dctn2.2",0.895388675527438,0.664083486259217,0.596323655180395,2
"2210412D01Rik",0.8980813582777,0.646218102942661,0.613571664955589,2
"Atp2b4",0.904613984922924,0.660380188722248,0.621124735752703,2
"Syne1.2",0.932403831203084,0.450084589904215,0.614857947476566,2
"Plekhf1",0.918468628296117,0.575204934208485,0.599286161388186,2
"9030617O03Rik",0.859076167915509,0.504971655526083,0.584971427057668,2
"Copz2.2",0.829056183883359,0.438536734692882,0.785753968354636,2
"Dlk1",0.83889257412718,0.478897912277358,0.77185863005443,2
"9430020K01Rik",0.796189478895495,0.482263062395,0.831241001211201,2
"Adamtsl5",0.819793989357333,0.536958486552122,0.858939521704755,2
"Fnip1.1",0.861940642123189,0.555699014269826,0.748736454227839,2
"Tmem55b",0.895276857312478,0.569970716945643,0.777995221301717,2
"1700019N12Rik",0.896408903830114,0.554975323552388,0.695766162478719,2
"Oit3.1",0.944746891538647,0.575969154301503,0.695955411452066,2
"Fgfr1op2",0.791294564382069,0.549920668511094,0.666188423979447,2
"Rbpj.1",0.778927692345163,0.558302400481668,0.716929735734207,2
"Ctla4",0.807364171424337,0.654958813319602,0.72679899745011,2
"Akr1b3",0.76213305936162,0.64996226452902,0.697075969059915,2
"Mtr",0.761295984571278,0.653731891548595,0.714216231865545,2
"Pou4f1.1",0.828223999689316,0.583042922927787,0.71193541277604,2
"Wipi1.1",0.792812915496996,0.584645473630018,0.767281257293925,2
"1200016B10Rik.1",0.565504123420974,0.652391287145705,0.493255125568011,2
"Arhgef9",0.619349330350109,0.652167935035303,0.49877670527407,2
"a",0.632442706200359,0.651372971826483,0.53189870468765,2
"Stat1.1",0.664892393558928,0.603762403307736,0.445448452024898,2
"Ccdc120",0.646898747357818,0.625318671170127,0.433598205017498,2
"Serpina3h",0.615866764375966,0.567454350017191,0.469924588143593,2
"Car9",0.590416507995745,0.582301264560158,0.483963514233599,2
"Rpl36a",0.665236130352964,0.604367770605649,0.568362245245923,2
"5930434B04Rik.3",0.704569640715439,0.593564414867836,0.588663387968622,2
"Hrbl",0.652364227022246,0.626506256306098,0.62680402415138,2
"Zfp365",0.709008157408317,0.646958972352533,0.611732240360178,2
"C85492.1",0.718111590636281,0.667884406150264,0.516209686472377,2
"Hdac5.1",0.671805244069074,0.713567360150344,0.528892410746035,2
"H3f3a",0.628484850772492,0.702975354366288,0.50971472597383,2
"Armcx6",0.763831807023638,0.5976866439039,0.307055057113314,2
"Riok3.1",0.721613196003174,0.632177999756085,0.308476469683498,2
"Sp1",0.678505000674175,0.560384359575181,0.296636112135791,2
"Crat",0.679724685791189,0.592413351376863,0.367272784080063,2
"Ddx49",0.702433786895615,0.577775026750544,0.369211846336906,2
"Mest",0.741302984304619,0.626637388842189,0.45400133163664,2
"Indo",0.715945929750116,0.626646875251607,0.406940252124966,2
"Golga2.2",0.74441432154819,0.587961733196202,0.41854946934033,2
"5730446C15Rik",0.754981505495965,0.521230359853647,0.386903394952737,2
"Dmwd.2",0.759094412602667,0.485465873010367,0.353823452445503,2
"Nol3.4",0.700243952924735,0.459588755441945,0.429425064756117,2
"Rab31",0.683601913039372,0.512230693744186,0.428320591326635,2
"Tpd52.1",0.729553882050402,0.512600016203721,0.427128127895275,2
"Acsl6.2",0.879584180966106,0.309412153848502,0.599429869991919,2
"Katnal1",0.828291105013279,0.266675299304555,0.568062312904524,2
"Acsl6",0.879282243725867,0.403864122064602,0.691684956381048,2
"Dcp1b",0.860151325087775,0.342938536255187,0.671003074947481,2
"Copz2.3",0.779502016970037,0.423711950994447,0.654042387288375,2
"Rusc2.1",0.736209319816434,0.371117697121471,0.580105097139939,2
"Npc1.1",0.786331356554294,0.400218752517323,0.584096764158048,2
"Ybx2.1",0.679855494831601,0.395425291817032,0.70814901807006,2
"Mpp7",0.712731010656071,0.426422554844195,0.677948643614522,2
"4932438H23Rik.1",0.71046476056589,0.392143891133319,0.688980813208396,2
"BC030307",0.73159331291874,0.427820038994443,0.794204296515027,2
"Tln2",0.768685968729844,0.420844510807001,0.755161313300758,2
"Stbd1",0.706165190041237,0.503723294152786,0.737864187160882,2
"Sav1",0.681819255963677,0.452711289379509,0.729005058744228,2
"Camk2n1",0.627232343873499,0.538121354057299,0.654178290428637,2
"Slc39a4.1",0.623927652366408,0.523603256843875,0.62181576093072,2
"C1qtnf6",0.671047869367178,0.476388012697059,0.585284756274464,2
"S100a3",0.718925272711831,0.541481467856325,0.577058926063963,2
"Porcn",0.58946648296569,0.39681334004259,0.573661397605095,2
"Chst14",0.623367249288198,0.435578496890372,0.652804334661803,2
"Slc22a17",0.581784470357921,0.46137751694462,0.614659193635892,2
"Rufy4",0.625019595027377,0.357548485320065,0.664361499077337,2
"Sra1.1",0.687416723472831,0.394241252650014,0.626850446726396,2
"Ssh3.1",0.664567153879643,0.417330470231788,0.588656707023114,2
"Myom1.1",-0.0141902515841671,0.441063832554543,0.152194763756899,7
"Nkx2-6",-0.0311139577316443,0.278649011430731,0.259981119465258,7
"Dock3",0.0510748953167234,0.254642814156959,0.239618871153383,7
"Cacna2d3",0.0927973298653537,0.284986955360871,0.189118123280261,7
"Tpm3.3",0.149349412736256,0.364180740731957,0.305122107031858,7
"Grp",0.119314844211561,0.350407402534425,0.409669523509897,7
"Aqp1",0.171118462797258,0.406272569925939,0.149468182823464,7
"4833439L19Rik.2",0.152838212345361,0.415541706096843,0.191970974833611,7
"Pax1",0.162253246517999,0.294849030074168,0.238404569053715,7
"Mest.2",0.229454959120663,0.323578187734885,0.218265788093728,7
"Hopx",-0.173751737912976,0.232426358015844,0.526980872987152,7
"Lysmd2",-0.123403895750782,0.143143461737549,0.486267351255227,7
"St3gal1",0.000924743621799759,0.162166764513232,0.466672506525944,7
"Mmp17",-0.028796647314667,0.184614753841251,0.590389771701026,7
"OTTMUSG00000017866",0.0369434255027958,0.188771116784054,0.645517960925996,7
"Gap43",0.100606831722555,0.358399352152293,0.642901100359229,7
"Nelf",0.0315798986901508,0.377121844912558,0.575735926926024,7
"Stard8.1",0.182202629851085,0.370480398659954,0.708710774490526,7
"Nrp1",0.109928400705837,0.424662048164544,0.699873902251179,7
"Nrp1.1",0.162760775731202,0.466686272254659,0.681522877146855,7
"Lyrm1",-0.214581675420425,0.442369944240021,0.685875669546008,7
"Mier1",-0.0326922845827951,0.531417191397333,0.652857298545178,7
"Dcun1d3",-0.0644337047092382,0.606836108346562,0.634388885858795,7
"Mtmr11.1",-0.0791543458691471,0.404068611949105,0.396098404436284,7
"Chat",-0.00572696983970527,0.492176180437428,0.508530446052125,7
"Muc13.1",0.0348556983497695,0.534788796690362,0.564189989303104,7
"Nrap",-0.119023163425604,0.583158233841204,0.488124216087087,7
"Gm414.1",-0.0533617575989871,0.557496023007821,0.42635691089539,7
"Sema3f.2",0.33825681964415,0.0399282046586384,0.853454022635718,7
"Ltbp1.4",0.179794517976995,0.154514692482587,0.963242999779521,7
"En2",0.127324745316501,0.0448056226593569,0.958612758017475,7
"Capn3.2",0.343261210555352,0.352270027416515,0.871878430222311,7
"Nbl1.1",0.257240906878936,0.345678970720319,0.967094073916213,7
"Spcs2",0.278986374723471,0.423751775611151,0.916321646313293,7
"Myd88",0.288991501882574,0.400185450276655,0.911406369508389,7
"Bcar1",0.214983769185084,0.217424610293738,0.850752894548068,7
"Rasl12",0.115454381989177,0.361985187879887,0.855844763995127,7
"Tiam1",0.106694446603359,0.35974765768715,0.898572475048285,7
"Gpihbp1",0.219430070141554,0.36368869603075,0.867750858990778,7
"Creb5",0.184550784925971,0.406797573063301,0.875871156157273,7
"Hif3a.1",0.372855587691542,-0.274947886221962,0.59388093281058,7
"Rbpj",0.137661066914333,-0.143876929493519,0.750962423534845,7
"Myom1",0.136190042530485,-0.102216891829601,0.592556756739318,7
"Gcnt1.2",-0.0172117674303883,-0.296561511850026,0.801130297788503,7
"Hspa1b.1",-0.0432580806601803,0.0118423107631203,0.735447319576716,7
"1700027D21Rik",0.0540726147984637,-0.0516367550735754,0.890333438327589,7
"Ccr5.2",-0.411353527933233,0.561590986016742,0.423943522626883,1
"Rnf128.1",-0.207392696468135,0.66239893887482,0.115845052888434,1
"Insl5",-0.190069686067595,0.515897406090539,0.145294813562137,1
"Csf1",-0.24791903574231,0.565025074309725,-0.0962300120211617,1
"Frg1",-0.338500172223665,0.711409193331517,0.0757508348756103,1
"Klrk1.3",-0.36234835699586,0.760633407147015,-0.0337932866714855,1
"Sobp.1",0.187438932381762,0.476432532537799,0.0815964637450297,1
"Hspa1b",0.245104432791635,0.493523501956718,0.0504971731984682,1
"Fcrls",0.202188299987281,0.579043976023888,-0.0267496070337096,1
"Ripk4",0.152386872255449,0.613022908020539,0.0435249643422966,1
"Gstm1",0.161163118017334,0.630398905499312,0.169143235138444,1
"Ctss",0.132488027537981,0.619747749878336,0.146112870208845,1
"Raet1b.1",0.284893372436961,0.671667797606729,0.135152969646875,1
"Ralgds",0.254501202949523,0.644206861328841,0.117639235772793,1
"Ifih1",0.442705768717016,0.64014678013963,0.192549070680999,1
"Slc30a4",0.410185450897464,0.718221922519504,0.195756643341843,1
"Oas3.1",0.415752240257589,0.708470476724218,0.17174691184918,1
"Ms4a4b",0.46801484771899,0.77673017216619,0.216285228204782,1
"Kcnk6.3",0.431681983849966,0.75734664518549,0.220920189063981,1
"Xpr1",0.361345490555458,0.778542016682506,0.153038743106713,1
"Zfp609.1",0.399830394145609,0.745433941907575,0.129398397944099,1
"Setdb2",0.398138213561842,0.657302814344948,-0.0346008043555891,1
"Centa1.2",0.391418489001776,0.593011137790036,-0.054391152198012,1
"Tmem132a",0.409375282476588,0.729520393195004,0.0639584062279759,1
"Degs1",0.442150593758215,0.801438238617015,0.0226369347716493,1
"Dbndd2.2",0.496047833704641,0.763651681806673,0.0177640105592849,1
"Nrgn",-0.0305841911671394,0.758890678756375,0.144250587199555,1
"Cnksr1",-0.0243341764141808,0.730648908935729,0.143100407741191,1
"Il18",0.100888539641532,0.816826225812333,0.188545678371153,1
"2610208M17Rik",0.0470597078047227,0.772903761540946,0.174117591271521,1
"Tbx21",0.0116815468833516,0.798521535208682,0.195201789728721,1
"Sco1",0.117308102853396,0.971589113118377,0.262942041653537,1
"Cdc42ep4",0.0847929824119943,0.928169141994388,0.258338372713027,1
"Id1",0.0584380367537088,0.931715034353801,0.263217529129851,1
"Nqo2",0.0652174903695252,0.987539793346396,0.0686392796588693,1
"Adar.3",0.0516024637962465,0.912962928079217,0.130303299673992,1
"H2-T10.1",0.124094661294793,0.962108462209617,0.141786328656307,1
"Phf11",0.101509941989249,0.983111621887946,0.123962016986742,1
"Phf11.2",0.0978397695910232,0.980674540248456,0.10581596430904,1
"Mtap6.2",0.249397571250295,0.92782769989638,0.03201221477575,1
"Oasl1",0.259993697110347,0.886723292385612,0.0327025420254049,1
"Oasl1.2",0.276486399932157,0.911479436165357,0.0155501662996349,1
"Mtap6",0.178661904461935,0.939155746615653,-0.0340436793004563,1
"Enpp5",0.202314807171675,0.914570119136168,-0.0451237924206858,1
"Trim34",0.173339935826537,0.901085069569462,0.0268189316296331,1
"Slfn1",0.17270481828164,0.958740046566792,0.0305757489397085,1
"Lrrk1.1",0.202055806280205,0.788752025344131,0.236106857623473,1
"Prdm1.1",0.171281779338672,0.744162023497384,0.206665374443614,1
"Tarbp2",0.194222044576364,0.757724474098086,0.151948150562985,1
"Llgl1",0.179400014108985,0.778457382003175,0.15734109912175,1
"Ikzf3",0.215837223016087,0.838156566691084,0.158401457119485,1
"Bcdo2",0.25568836442194,0.823235875927795,0.124317915046374,1
"Rffl.2",0.27011002433065,0.822371726390513,0.134684605174607,1
"Sfxn3",0.28926824956542,0.768866967795441,0.185238674648276,1
"Ms4a6b",0.237329368124849,0.754567499315288,0.108231761153302,1
"Piwil4",0.223921693777599,0.704729919139353,0.179432375149131,1
"Mitd1",0.301567285994061,0.958383095144438,0.170573875171699,1
"Rnf213",0.352577234309436,0.890956965826075,0.128634743734127,1
"H28",0.399295058176385,0.929037877945513,0.146192861994239,1
"Mef2c.1",0.239863220044745,0.90244987823991,0.184989180457706,1
"Ripk4.1",0.255656282999368,0.865133052099409,0.205193404933577,1
"Oasl2",0.16790612134995,0.90058784025062,0.19458562465167,1
"Il18rap",0.198095827653028,0.853072324908519,0.251590916447207,1
"Irak2",0.226383198509684,0.90285176407441,0.265023233858021,1
"C2",0.203815975843566,0.89634645812414,0.244502457268414,1
"Il12rb2",0.184867302902062,0.943537020256147,0.237910603494414,1
"Mapk12.1",0.154123670457446,0.972554886481171,0.196419917806727,1
"Ly6c1",0.184138681600437,0.992685238792133,0.221597243726752,1
"Trim25",0.238360699637882,0.935174011332655,0.112856422096207,1
"Casp1",0.213399601021294,0.946060963238948,0.105539645528816,1
"BC094916.1",0.169462323731957,0.929576648588665,0.10632881020442,1
"Trim34.1",0.174664976825571,0.924215682628496,0.141982252008599,1
"Pld4",0.182180073455603,0.759639577782919,0.573491448398749,1
"Gstt1",0.0878930211961148,0.767678366408137,0.564978550146428,1
"Eomes",0.093233838339147,0.767199655363421,0.589300724683779,1
"Hisppd2a",0.0638919963154746,0.636258029085955,0.70905256233011,1
"Pkp4.1",0.187030677040009,0.63948269068229,0.653673932903698,1
"1110037F02Rik.1",0.142566942035367,0.641409514321138,0.63011940273045,1
"Il18r1",0.262901131828714,0.890896694418684,0.666567843729098,1
"Fmnl2",0.258273479012501,0.827500897268903,0.615477300479445,1
"Muc1.3",0.191315643260232,0.836633826563528,0.614893171819581,1
"Myst4",0.290969629381914,0.712472922484905,0.519626644745859,1
"Pim2.1",0.323915531051998,0.695765788908891,0.560545545709874,1
"V1rg11",0.339413614967434,0.716068334134929,0.634345932935837,1
"Bcl9.1",0.331467150745844,0.775229686334038,0.575375332295901,1
"Acoxl",0.309744662305167,0.793612519881641,0.649593428883375,1
"Ifng",-0.216127559108608,0.744518203505411,0.331320927422791,1
"Ifng.1",-0.228916694089382,0.746032287191391,0.379466904040059,1
"Dclk1",-0.0834700816090546,0.785557272293747,0.270497990946131,1
"P2ry14",-0.117557131735713,0.884223336449264,0.334565183704757,1
"P2ry14.2",-0.116743015113941,0.843968010483431,0.399208068664616,1
"D14Ertd668e",0.00606310934878743,0.702510672226817,0.490463269540046,1
"Igf2bp2",-0.00804602264063264,0.728112703567709,0.462422945715102,1
"Pip5k1b",0.093382922904101,0.718204395559511,0.415948058075355,1
"Ntrk3.1",0.077779111608119,0.656632896937445,0.505730954537724,1
"Gtf3c2",0.124015270655634,0.809379992806808,0.330463758094511,1
"Apoc4",0.0851044028507755,0.801049577063274,0.40170827383047,1
"Gm962",0.130752508667546,0.80767164909374,0.42667625513328,1
"Ly6f",0.10985883061332,0.690795757898266,0.317624162135862,1
"Phtf1",0.157668003307961,0.771729183153982,0.277420127884893,1
"Rap2ip",0.141798597062082,0.713342463868362,0.269646085245247,1
"Ubtd1",0.736716935112357,0.322682832178459,0.0984066293811774,3
"Sbsn",0.718436554805264,0.341772733304777,0.0863216848355012,3
"St5.1",0.696477028570304,0.357212441937092,0.0860522001307993,3
"Atp2a1",0.70898316371905,0.288678986561129,-0.0165170868568844,3
"AI427515",0.689426344191177,0.242374728668735,0.0597948013562507,3
"Shh",0.675234199532822,0.255516567956348,0.0426269193513288,3
"Rapgef5",0.628188969028195,0.570538064098102,-0.0343589051695468,3
"Mgll.1",0.689032974931946,0.442155009230643,0.0896429172021957,3
"Gnaz",0.727673886706568,0.459307431710674,0.00154886314116197,3
"Serpinf1",0.926290631243782,0.340854702263993,0.140510068631298,3
"Myo1f",0.879334896866481,0.354804342222395,0.0795184463661568,3
"BC034076",0.79894140976585,0.339800821767215,0.272623632863474,3
"Nxf2",0.917610922487488,0.317352691745403,0.219609997571445,3
"Tbc1d2.4",0.901292665459442,0.312266077053767,0.279152007308518,3
"Isoc1",0.847240036231799,0.553206209012987,0.174134753954666,3
"Cst7",0.945361364917305,0.428536992441499,0.222485065310836,3
"Itgb2",0.902930962124116,0.505091903380089,0.297918230351857,3
"Spast",0.834968168554585,0.473103977749875,0.319204174259877,3
"Hc",0.798789778291468,0.456658966340028,0.320466398032527,3
"Igfbp7.1",0.793427076102543,0.450239077156098,0.351219836831845,3
"Sema6b.1",0.817799089231318,0.558625714123191,0.3033000283635,3
"Rpl12",0.867949423566831,0.603151470368113,0.337613448136605,3
"Rasa1",0.822773070800548,0.626898109853714,0.304023005039489,3
"Tnfrsf8.1",0.922241457572663,0.553988263036755,0.428041155840574,3
"Stard10.1",0.839819432122935,0.578807322136141,0.396803903947623,3
"Pbx4.1",0.858627083278194,0.345714535345188,0.451328617558671,3
"Plekhf1.1",0.824551241870127,0.291342794665027,0.426123602652613,3
"Maml3",0.722156960886162,0.320594511568019,0.400848243945672,3
"Ormdl3",0.762186906650464,0.289033094875861,0.351861310352027,3
"Lilrb4.1",0.797789802584788,0.139901036141871,0.329457579004764,3
"Micall2",0.786272034998854,0.0662570142380332,0.479882193480444,3
"Dnajc11.2",0.563448789906583,0.141867086818551,0.736575609135282,3
"Ccl17",0.500975248716294,0.112933595170928,0.765071715661366,3
"Lrrc16b.1",0.540136218721507,0.152482375468139,0.6032347158855,3
"Sparc.2",0.512696805849078,0.259442073260784,0.630645071424963,3
"Nfatc2.4",0.574186645950241,0.246854431188675,0.605111953526399,3
"4930573I19Rik",0.600184048331475,0.256346724205519,0.733122401114801,3
"Cnksr3",0.511675251498268,0.334677369368634,0.659789252915022,3
"Myst2",0.481451624551739,0.295337139007916,0.673200711681909,3
"AI842396",0.245849077602188,0.163207067737784,0.527329422578547,3
"Prkcdbp",0.350023929329868,0.0642715330064039,0.548208714130002,3
"Ffar2",0.312125622990097,0.0981836832985585,0.58298610198536,3
"Rps6ka5",0.310555427047823,0.135964039066005,0.728578644088945,3
"2610204K14Rik",0.309112565059263,0.230365631052216,0.671227618036892,3
"Hgfac",0.369136771341022,0.192687117884078,0.598792237028896,3
"Slc2a8",0.405723866360299,-0.0920942773446764,0.556405081934251,3
"Atp2b4.2",0.437552893556026,-0.0147509680832406,0.533863814707505,3
"Rasgrp4",0.604756952505322,0.0728149666264955,0.475715550639548,3
"C730027P07Rik",0.472720814992535,0.110269406860226,0.465800550325667,3
"Msr2",0.246881011229285,0.544624603010664,0.443480074570383,3
"Casp4",0.240803712005132,0.430227754436481,0.38714114200722,3
"Klk4",0.312868010214499,0.475223213232097,0.465930850973665,3
"St3gal1.1",0.347903427528884,0.464321053712341,0.430066999014109,3
"Ltbp3",0.413430020501373,0.512548586009053,0.336445102088278,3
"Tle2",0.397001293236397,0.439096550978269,0.306548013231154,3
"Ang",0.330713785513037,0.558224475172455,0.316986991639451,3
"Sh3bp5",0.318650733782009,0.630746874767144,0.300834361370202,3
"Csgalnact1",0.373513649030649,0.628327418998666,0.319411701874499,3
"Olfr1330",0.40769773293744,0.330785217359932,0.459400096886384,3
"Hormad2",0.360823143636949,0.28967279456632,0.349786032000895,3
"Nt5dc3",0.486504250013901,0.440453782077728,0.509067924887615,3
"Pik3ap1.1",0.488951107927255,0.368561545831942,0.540767383777886,3
"Asprv1",0.40128200650188,0.491295551439005,0.521522807267002,3
"Rpl27a.1",0.436703885139357,0.504424622266694,0.460032970932702,3
"Duxbl",0.511275445518132,0.49089402850643,0.445355467067677,3
"Micall2.2",0.494922901124143,0.571274646214574,0.435996851189221,3
"Palld",0.575638724033011,0.470274436608466,0.136712396634643,3
"Gpr133.1",0.49071176407241,0.417647573321938,0.193756774618202,3
"Zfp709.3",0.458302262040579,0.398339666387765,0.14545312520713,3
"Maf",0.328025139371556,0.540966120755281,0.219840766344329,3
"Coq2",0.352699453907537,0.545467097359229,0.10406500686632,3
"Ociad2.2",0.362905008681743,0.422565905621361,0.135182892602369,3
"Olfml3",0.33833099229158,0.417481495077716,0.252155913630315,3
"8430415E04Rik",0.338160898018703,0.415334621366202,0.242984078568023,3
"Leprel2",0.44372346761855,0.201003556042726,0.158284201121525,3
"Ktn1",0.417840645193338,0.296489977679932,0.219907600919378,3
"Stard10",0.476297531566906,0.296698871655935,0.203912591809717,3
"Cdx2",0.61657150383988,0.352163161821428,0.280815880941746,3
"Vdr.1",0.674003592536414,0.396656321886571,0.264547002629842,3
"Eng",0.688803818496764,0.393480133131516,0.297830823855279,3
"Mod1",0.572209833920349,0.233289863520846,0.318524640664813,3
"Abcg2",0.559037860860741,0.289094445855578,0.243921190893164,3
"Ccr4",0.236070592732494,0.0995028726483828,0.24576294652248,3
"Tmem50b",0.269004075819497,0.0597959532671848,0.408279166136752,3
"Tmem50b.1",0.267968276419515,0.22346206965733,0.393571285104805,3
"Centg2",0.2782082323343,0.152657477491308,0.342580434230184,3
"Adora3.1",0.431994848390419,0.0444590561301357,0.106352460998772,3
"D330045A20Rik.2",0.446190319766783,-0.00116992364632282,-0.0101425823648437,3
"2610109H07Rik",0.483192439161424,-0.103290527884788,0.2008293341632,3
"6820408C15Rik",0.491601915647407,0.0050061531081551,0.276186452546217,3
"Sts",0.469804074010693,0.0595925561973205,0.236090086181965,3
"4933407P14Rik.1",0.457270254952349,-0.352668336468616,-0.107674420991697,9
"Dysf",0.591192803915252,-0.216414966904984,0.0476619645410846,9
"Amigo1",0.658399082849479,-0.223898954486188,-0.120407351014022,9
"Fbxo30",0.63806943042962,-0.12498087279378,-0.0780402925183842,9
"Tbc1d2.1",0.735760070697103,0.177814289525031,-0.262463951699657,9
"Rassf4.1",0.824453485613825,0.0774177963800032,0.0688091864644914,9
"Arhgap12",0.793843267547086,0.215348918745596,0.105645227365349,9
"Tgoln1.1",0.868010512653708,0.0421791850668449,-0.113641059899155,9
"Gp49a",0.6866459766204,0.184567288494291,-0.0575863071294169,9
"Tnfrsf8",0.68369013059904,0.019016280974648,-0.0233674061965256,9
"Il8ra",0.732074599536375,0.0288967631152327,-0.0119705005276783,9
"Mgll.2",0.578249141176329,0.571530290807202,-0.267515751611814,9
"Mgll",0.435941076787409,0.683687046669349,-0.217689395016304,9
"Endod1",0.391927197390935,0.618165659536186,-0.227235956517531,9
"Basp1",0.483804909966176,0.341010275993285,-0.294085754408503,9
"Ttll11",0.29828597767571,0.482135479782739,-0.315873263366625,9
"Ccdc88a",0.367975482056279,0.396325653282111,-0.412121339960913,9
"1110049B09Rik",-0.0270785070509131,-0.0251685950059293,-0.0638083305590717,9
"Hydin",0.00966598190382024,0.0808466748913409,-0.207469081050323,9
"D330045A20Rik",-0.0235111325776581,0.123907428379887,0.134622688930647,9
"Bcl2l14.1",0.100798039566208,-0.0177491066151524,0.0992624137438661,9
"Tcfap2c.2",0.0610130064475009,-0.0273764755157961,0.0779818442118621,9
"Hspb1",0.239196185444954,0.470239498521906,-0.0655801732272436,9
"Cd93",0.244243715725625,0.357649078584317,-0.112302613618844,9
"Tcf3",0.018078021442031,0.366542000590246,-0.143479082568752,9
"Timd2",0.0419578816229211,0.525298157535797,-0.114424624206517,9
"Tctex1d1.1",0.0845206753480332,0.556718353800093,-0.0370966356022321,9
"Golga2",0.427926143047573,0.218719522565399,-0.122671615116163,9
"Pik3ca",0.425846743503249,0.334822823438172,-0.168112776021669,9
"Aqp1.2",0.437333233275032,0.331537728119962,0.0120606611268508,9
"Rps25",0.31107494365833,0.224906989031955,-0.0589940129156161,9
"Myo1c.1",0.411230302724998,0.200257507306937,-0.0106371784623201,9
"Pparg.2",0.378365370333034,0.273750313262115,-0.00594737442731735,9
"Msc",0.219353055268799,0.181403823929576,0.0392310863412492,9
"Kel",0.253241362349356,0.127279454915979,0.0524881018512737,9
"Adc",0.203586367134412,0.112839050337132,-0.0870647819991198,9
"Krt18",0.258972774241822,0.178169064564135,-0.15660849053807,9
"Epas1.1",0.331871437711716,0.121284908290091,-0.133161456423568,9
"Efna5",-0.783064957672897,0.89406056885026,-0.651061013609319,6
"Ifi202b.1",-0.740325889534475,0.877655275816388,-0.506775432381875,6
"Ifi202b",-0.473279257632339,0.815754437602462,-0.489752888890082,6
"Parp12",-0.475497934280283,0.882632223849578,-0.487872834867887,6
"Oas1g.3",-0.4809075792425,0.903576474982806,-0.526267363468374,6
"Bst2",-0.461570442881251,0.825007236876863,-0.600279208855107,6
"Rtp4",-0.45751908798899,0.933069084392432,-0.567630445608673,6
"Ly6a",-0.57365293874758,0.954965562065319,-0.584602568796184,6
"Amica1",-0.613969717611001,0.966891421866608,-0.568023492960192,6
"Gldc.1",-0.632093893648424,0.961634384518492,-0.579736215747398,6
"Rsad2",-0.575168596934895,0.935154501533039,-0.44050920171698,6
"Ms4a6d",-0.626605182806743,0.888112772454599,-0.514592776495996,6
"Ccr5.1",-0.551790557819013,0.845258087627544,-0.503784851622634,6
"Daxx",-0.578441914792102,0.851311821474095,-0.473547867711554,6
"Gm1574.2",-0.882815965891232,0.259212939578645,-0.257445603464063,6
"Ms4a6d.1",-0.600028008678036,0.732678898008514,-0.215943568686003,6
"Gata3",-0.599089749872321,0.738515709089242,-0.276989622806539,6
"Nkg7",-0.635212500806136,0.600167730794552,0.00333592924083472,6
"Ccr5",-0.519345499111861,0.540361284674354,-0.0730367456766209,6
"LOC225594",-0.5495553477204,0.551165837719614,-0.113133270939551,6
"A730011L01Rik",0.0855020693575402,0.211091208486841,-0.387219844810957,5
"Ghrh",0.157350967890542,0.223460793707433,-0.472348154322339,5
"Nts",0.0464842852888543,0.367700895269676,-0.480347128181457,5
"Psme4",0.140433056368679,0.489541436409606,-0.428300578499376,5
"Tanc2.1",-0.18339573166779,0.206670675361098,-0.394966069009018,5
"Emr1.2",-0.187241283940189,0.0591167073796572,-0.339128991708892,5
"Olfr571",-0.387675885587708,0.29146033559375,-0.294158049160197,5
"Slc7a14.1",-0.428183059671013,0.406455954226678,-0.450196832412505,5
"Oas1a",0.167560547531108,0.776431854311935,-0.314688999462546,5
"Gbp5.1",0.316393793144361,0.813138842864284,-0.121031481314824,5
"2010001M09Rik",0.227113363626163,0.728764869454706,-0.135402076776961,5
"Serpina3f",0.0994340432853614,0.76952149772237,-0.01877451314736,5
"Pdia2",0.145296450255883,0.805312120867682,-0.0287088876624131,5
"Gorasp1",0.0219684391097526,0.749624502684948,-0.0135040534859594,5
"Clpx",-0.0179098615864978,0.775511045262685,-0.0908363582434367,5
"Rgs1.1",-0.0475810230646326,0.904555758041896,-0.179920962186131,5
"9930111J21Rik",-0.0434865501800384,0.933844257592852,-0.17375483507848,5
"Oas2",0.00626323745189945,0.859845612822808,-0.159560140144028,5
"Ifit2.1",0.0348767661813113,0.905424480259237,-0.143630537713761,5
"Ifi203",0.0844569811982318,0.955725154608092,-0.0584751769357442,5
"Il5",0.102325894247606,0.866276865465507,-0.0485141194169017,5
"H2-T23",0.0530768989485061,0.901975705205774,-0.0470290378931545,5
"Nqo2.2",-0.00652763375640576,0.977536639774433,-0.0542365272989873,5
"OTTMUSG00000005737",-0.0234173551587788,0.904240733949895,-0.0759706062250358,5
"Znfx1",-0.0213430632701589,0.880621257016411,-0.0418782278565197,5
"Ddx60",-0.195677937563647,0.988620490065328,-0.309872719775494,5
"Rgs1.2",-0.13666323684862,0.880184470101111,-0.280880979477272,5
"Il12a",-0.115253166894553,0.940333800634556,-0.244384214664919,5
"Sp6.1",-0.0955035087702669,0.945816026934634,-0.281352015386377,5
"Gbp5",-0.0915433716316623,0.792936728802991,-0.219716367280142,5
"BC094916",-0.0998912618159385,0.856680986209021,-0.180180434224161,5
"Ifit2",-0.0785345304706608,0.881422725729683,-0.20305361252689,5
"Cxcl10",-0.045906592147984,0.876200459414041,-0.210652689161489,5
"H2-T24",0.000131176336528717,0.934233491078848,-0.288816044221677,5
"Gbp6.1",-0.0788548930937674,0.853281399274425,-0.325814336614132,5
"Hspa1a",-0.223203308608164,0.860806775399613,0.100943343844449,5
"Pik3ap1",-0.172503795840847,0.934422359044478,0.0510660480051224,5
"Emr1.1",-0.159029238382279,0.920094676608218,0.0917606392109878,5
"Zbp1.1",-0.0923466597806207,0.940122574518053,0.0210044888691444,5
"Tdrd7",-0.0973411950328406,0.964772947263236,-0.0150373629997836,5
"Aqp9",-0.0705233158772704,0.956246097902395,-0.00311598539659006,5
"Sema4b",-0.0670141217230639,0.974991031514247,-0.0178298500922428,5
"Tspan6.1",-0.081720292043169,0.911205752644527,0.0873677056886283,5
"Spcs3",-0.0422226372457571,0.911359210315786,0.0366616540040077,5
"Mx1",-0.0590881459702781,0.904177896308735,0.0188370632140546,5
"Ube2l6",-0.069223094488747,0.927305952389582,0.0211017376200011,5
"Ube2q2",-0.212984562673538,0.736191151151101,-0.146676351667996,5
"Tspan6",-0.225743391602241,0.84223948728294,-0.154728858679908,5
"Hspa1a.1",-0.26265343107025,0.823563448287227,-0.194799985658958,5
"BC006779",-0.154394540970383,0.934004156466639,-0.113867875925713,5
"Tmem35",-0.180406390012602,0.929233290789229,-0.177046016008406,5
"Marcks",-0.198171215818142,0.894966383049809,-0.14710122834968,5
"Rgs1",-0.0782537428121459,0.949323861136091,-0.0854021369242498,5
"Csprs",-0.100637360298932,0.97272293060251,-0.122558358642666,5
"Hsh2d",-0.124087867184597,0.892475233327717,-0.142554544444355,5
"Snx10",-0.0757641829123426,0.910313313520485,-0.141496339088109,5
"Usp18.1",-0.10901715099477,0.937764659441317,-0.157017888863216,5
"Kctd6",-0.22789993864077,0.881353231609728,-0.0827160795772522,5
"Sp6.2",-0.229346960165701,0.855749982798792,-0.101978124229998,5
"Ifi35",-0.295651084541327,0.892256595555586,-0.102508804229372,5
"Mapk12.2",-0.27484324708263,0.858516994301249,-0.102743141160946,5
"Emr1",-0.22270256312337,0.957067609668762,-0.00541594575575713,5
"Atp10a",-0.156599018467723,0.900166175377208,-0.0563988029768767,5
"Trim30",-0.202767699961356,0.905865123404354,-0.0603538477898106,5
"LOC435565",-0.408112270665068,0.929780624531321,-0.171514117427031,5
"Oas1g",-0.271392229253407,0.85402151845107,-0.280354396952155,5
"Usp18",-0.256068780165727,0.945328015739874,-0.222878407233977,5
"Zbp1",-0.264841770030325,0.917684487605078,-0.195830376255416,5
"AI451617",-0.392375538584564,0.978054623596432,-0.269548632971223,5
"Plac8",-0.371145155349045,0.970793483953489,-0.315819474865317,5
"Irf7",-0.279631677604772,0.959457901045647,-0.325637526481031,5
"Ifit3.1",-0.327202470099766,0.95796231493479,-0.361412816285275,5
"Tlr7",-0.289805045817244,0.791851957093135,-0.445941385995151,5
"P2ry14.1",-0.295150413851061,0.895031826962998,-0.503412346133506,5
"Lgals3bp",-0.31579463830816,0.90273077887959,-0.403225966680106,5
"Samd3.1",-0.27867057681158,0.861359167107429,-0.402655423830366,5
"Ifit3",-0.440572185697265,0.93149860087178,-0.428834564709552,5
"LOC626578",-0.5210333442291,0.840860173147485,-0.413874223451713,5
"Ifi44.1",-0.511999914810621,0.89344544128139,-0.340438475783187,5
"Dppa4.2",-0.346633767592257,0.693309924371576,-0.501316709153833,5
"Galnt3",-0.310535357064842,0.613617288821708,-0.670507847522977,5
"Nt5c3",-0.311996939100219,0.53911833535528,-0.567815332785782,5
"Sobp",0.0999130121426536,0.649452815177393,-0.521751465190956,5
"Nrp2.3",-0.0101136755341994,0.659482812916657,-0.447265896092792,5
"Dnajc5b",-0.247153536083725,0.627038380341202,-0.304939975293321,5
"Gbp1",-0.287069072044078,0.738228140112927,-0.313456212617431,5
"Psme2",-0.0347846807160815,0.703144944913833,-0.318793196110958,5
"Fbxo28",-0.015959967830525,0.517488481577725,-0.245836718605098,5
"Hap1.2",-0.121701801519946,0.540972502204999,-0.208226186997745,5
"Slc30a10.2",-0.540703248880419,-0.180695639366007,-0.272985566023162,8
"BC011487",-0.527071091637578,-0.383908441658375,0.0139378208836894,8
"Sln",-0.387680213477989,-0.328683669511892,-0.0276055422652895,8
"Sox5.1",-0.531102715665372,-0.0586484929146336,0.175555911134972,8
"EG545758",-0.404463192485304,0.0418834423644641,0.111425206748946,8
"Oaz3",-0.237506906081286,0.298220722075697,0.172897724848856,8
"Prss35",-0.438432741073609,0.140885419176255,-0.0346144092078217,8
"Slc7a8.1",-0.392236259690011,0.16962239216279,-0.0210232133911515,8
"Rdh10",-0.207622263406525,0.0867261005633971,-0.0574428735715865,8
"Fbxl10.7",-0.243164754375733,0.129719708261064,0.0942243807350441,8
"Ltbp1",0.169308152164484,-0.15869887724683,0.276807387868425,8
"Gng7.2",0.0742980791351641,-0.17697856859742,0.425836480342075,8
"Cd40.1",-0.0381231275295889,-0.293405645683892,0.105390896684763,8
"EG547109",-0.0904457284960093,-0.29807048082042,0.075761893139359,8
"Cyp2b13",-0.21009203620717,-0.122634446238126,0.179041364080077,8
"Epas1",-0.196705345263375,-0.29618795416849,0.164942731672763,8
"Slc38a3",-0.131631796737823,-0.256835571909824,0.267946623060456,8
"D330045A20Rik.1",-0.476480089592689,-0.0861517747293212,0.603649281267929,8
"Gcnt1",-0.456360730936876,-0.13705487650177,0.763974418545533,8
"Ikzf5.1",-0.341595084616533,-0.152480097621835,0.760889467055771,8
"Zfp667",-0.343060208009484,-0.208870374841735,0.358359430087492,8
"Antxr1",-0.185588409717637,-0.0371587883737307,0.419294619278189,8
"Car14",-0.289443573811673,-0.140903090005377,0.524498853080049,8
"Dppa2",0.358672601829949,-0.563593232623046,0.427214995330209,4
"Il8rb",0.271277451011877,-0.345613344478584,0.257960095607543,4
"Slc41a2",0.724714277166441,-0.365848029545682,0.133112704532795,4
"Tspan8",0.597560832471003,-0.132729649703408,0.356155829472121,4
"Gpx3",0.641221481586478,-0.19128888934625,0.330540444251216,4
"Psd3",0.112048837182691,-0.258508291252908,-0.336357402784466,10
"EG331493.1",0.123576975170247,-0.275627704599697,-0.631245967980142,10
"Cep250.1",0.133246098722738,-0.62108905391313,-0.298001456600505,10
"C030045D06Rik.2",0.0138531326750941,-0.693160848080147,0.0873569271063955,10
"Slc10a4",0.116579332893363,-0.469761858038895,-0.0478131788480552,10
"E030049G20Rik.1",0.0885988418795014,-0.598265947059589,-0.0555384281642459,10
