"Symbol","cor_th1_th2","cor_th1_thm","cor_th2_thm","cluster"
"D10Bwg1379e",0.679645924747705,0.564859165690082,0.950544408332076,2
"Mgll.1",0.689032974931946,0.596597240991531,0.952115829229662,2
"Atg2a.1",0.620981690382563,0.584703375798064,0.982217295410387,2
"Rapgef5",0.628188969028195,0.60922959473406,0.988055960749066,2
"Adh4",0.623380353317131,0.610269731086153,0.976746627502487,2
"Foxq1",0.619990114937683,0.598148232643228,0.938293224739328,2
"Fth1.1",0.617854017076781,0.613935375781458,0.937215483470602,2
"Trex1",0.633558888487807,0.58970358081559,0.947721424166501,2
"Smg6",0.655839789235259,0.600165266492796,0.955430341005107,2
"Trex1.1",0.646426786618934,0.591941266336671,0.957359961864442,2
"1700037H04Rik",0.722173649900934,0.622746845439436,0.925978169666641,2
"R74862",0.712825353535839,0.627911756249575,0.941410614817261,2
"Dhdh.1",0.717676128479292,0.626886155220665,0.968838077308301,2
"Hrc",0.735898191717934,0.64540188231166,0.954604738120429,2
"Nol3.1",0.706651498780697,0.628956010137727,0.992610317048901,2
"1700025K23Rik",0.693040791406767,0.634009413526517,0.988506296934402,2
"Eng",0.688803818496764,0.656761685448184,0.971392172161872,2
"Stambpl1",0.707024592418304,0.672224476042371,0.972998171614293,2
"Gga1.2",0.722841325816238,0.641380680217653,0.9008222251813,2
"1200015F23Rik.1",0.698457689395511,0.648419115993459,0.908090477959365,2
"5930434B04Rik.3",0.704569640715439,0.639296488427155,0.899010514600364,2
"Gab3.2",0.672165195563139,0.62930945985003,0.948361019620786,2
"Rgs3",0.671772179949531,0.62489358854196,0.909780295949521,2
"Shh",0.675234199532822,0.593617619437613,0.916851589176045,2
"Sbsn",0.718436554805264,0.549656006640047,0.858033698836365,2
"St3gal2.1",0.699415435810987,0.558002391961089,0.862567356877006,2
"Arpc1a",0.737522151464335,0.565569620899077,0.822258815460984,2
"Snf8",0.728635572960763,0.582780362781248,0.852591790429807,2
"Ulk1.1",0.731886271785088,0.528209163067202,0.906366028567123,2
"Rusc2.1",0.736209319816434,0.587519693288002,0.886919211021882,2
"Pde6d.1",0.754931308632566,0.577402332983025,0.888522343879647,2
"Mtr",0.761295984571278,0.587871279543273,0.895596980790608,2
"Prkg2",0.708858445851916,0.617798385617082,0.844761006672866,2
"Sra1.1",0.687416723472831,0.599656149350922,0.826257353284456,2
"Rusc1",0.683784004134019,0.619336859111847,0.816065775638899,2
"Nek4",0.664840991175833,0.66206870563718,0.843370198783531,2
"Hipk2",0.689617253212462,0.65339504084576,0.873309078179264,2
"Pde6d.3",0.654504283645634,0.635287074444156,0.872411007889357,2
"Hrbl",0.652364227022246,0.600291210551679,0.86897540642238,2
"Arhgef2.1",0.626969840189723,0.610202471876549,0.88467313138797,2
"Jag2",0.658221893298247,0.593803400702722,0.838279961044933,2
"Pkd2",0.64843036529329,0.623880452123964,0.802819290563213,2
"Rps15",0.609875586583466,0.613755297409581,0.820749071254451,2
"Mov10.1",0.661572112797583,0.46865963685784,0.952199299167053,2
"Irf9",0.626100322516422,0.521107407813918,0.9439776955533,2
"Ulk1",0.635033796989538,0.52934523192741,0.952578461201761,2
"Acvrl1",0.629835251587508,0.505699997727112,0.773689369545611,2
"Dync1i2",0.624446448687026,0.473504517813275,0.805092265828698,2
"Mbtps1",0.619419783783393,0.496720797574232,0.829724549100173,2
"Zfp119.1",0.599621056839999,0.490110744454307,0.810308211635944,2
"Gpx3",0.641221481586478,0.547249313236819,0.887666936864136,2
"Camk2n1",0.627232343873499,0.529200287858079,0.877158860968842,2
"Aup1",0.634761854972746,0.525484859365958,0.894950775852881,2
"4932438H23Rik.1",0.71046476056589,0.503052962043038,0.845857850896465,2
"Llgl1.1",0.657124969745712,0.546979420303236,0.836180647953753,2
"Prl2c2.1",0.646499460191316,0.518234717776608,0.824652560101128,2
"Artn.2",0.713079106389066,0.363896209442817,0.851395679888795,2
"Tmem38b.1",0.714810346263496,0.36752380062884,0.834329069966645,2
"Rnf31",0.72942087832347,0.328666057147795,0.819303196011042,2
"Elk3.1",0.71242374036579,0.34966722953529,0.800061286144491,2
"Gypc",0.665463133784679,0.451905061655848,0.900558169566378,2
"Prlr.1",0.617539200781055,0.452599456040776,0.902423144421505,2
"Nol3.3",0.638625591795663,0.457044003889717,0.927146824437767,2
"Id3",0.583712267498429,0.439451722319573,0.886207403331373,2
"Chst14",0.623367249288198,0.419582927186667,0.862553810793054,2
"Tom1",0.628966754378556,0.44952268786089,0.845525190929567,2
"Tmem38b",0.601433446667027,0.355321982788245,0.872944115422512,2
"Bmp7",0.651869722001168,0.404232247321199,0.927973454464285,2
"Mboat2.1",0.677924783221926,0.370954452667153,0.886536517132976,2
"Ms4a4b",0.46801484771899,0.523319102742634,0.924621764907151,2
"Adc.1",0.472643270840955,0.510471660066562,0.926407285108214,2
"Dbndd2.2",0.496047833704641,0.500381275288809,0.98100288736286,2
"Hif1a",0.520143100556518,0.526030229695668,0.964402626732546,2
"2410129H14Rik",0.512780813439392,0.530205587061929,0.944367594440897,2
"BC057079",0.518796459924332,0.449345101115868,0.982450243375377,2
"Ptger2.1",0.486250385329347,0.430050251737022,0.952619872042423,2
"Mdm1.2",0.461125910329041,0.447865700742162,0.943358549004911,2
"Wasl",0.474238313343663,0.456721742060382,0.95682870650604,2
"1200016B10Rik.1",0.565504123420974,0.52740425278262,0.880320828072698,2
"Suhw2",0.574664778794971,0.488046353372497,0.866644312951753,2
"Esrrb",0.572714272409589,0.48682232337954,0.872096164604181,2
"Gnb4.1",0.551225159235848,0.500620247174368,0.860272461846633,2
"Crocc",0.560821311944814,0.502253379772755,0.873420053598014,2
"Irak2.1",0.510656540903329,0.492246764267205,0.862033120615917,2
"Tarbp2.1",0.493825078760746,0.522956944805233,0.877501200193501,2
"Dock9.2",0.545456054018443,0.546292974254958,0.838420690629289,2
"Irf9.1",0.523521139777962,0.496499738937642,0.808382480606572,2
"Evi2a",0.542632938950427,0.445823855449391,0.850636644368922,2
"Micall2.2",0.494922901124143,0.444429457040455,0.861112253465964,2
"Gstm5",0.523332621236357,0.454514224419407,0.893873285138267,2
"Lrrc16b.1",0.540136218721507,0.447230339630352,0.919733937239209,2
"6030446N20Rik.1",0.553482526225729,0.460926415294284,0.945784537728941,2
"Sgcb",0.570670882839272,0.461597132304951,0.906396965196809,2
"Ccl9",0.586920600474068,0.481791329052559,0.919198678526324,2
"Atp2b4.2",0.437552893556026,0.390409498855813,0.845583997123842,2
"Tmem60",0.451881814836667,0.39653376123371,0.842236311614442,2
"Zfp316",0.42802386801731,0.464316119078239,0.825894026723205,2
"Dleu7",0.431989944539699,0.442113441639581,0.864022038975122,2
"Centa1",0.421822576116927,0.465102802288338,0.877168149863628,2
"Degs1",0.442150593758215,0.387963828758618,0.94931108168998,2
"Col18a1.2",0.427082118590667,0.391876469577354,0.92009097876254,2
"Chd9.1",0.453116361007088,0.396501233858888,0.925431534566484,2
"Abcb1b",0.421068086865687,0.378611483693337,0.995435539528373,2
"Adora3.1",0.431994848390419,0.418028139357894,0.98636448131962,2
"Tle2",0.397001293236397,0.416592034521849,0.980095741593084,2
"Csgalnact1",0.373513649030649,0.471954732128172,0.929875748009259,2
"Hif3a.1",0.372855587691542,0.445887838999014,0.902698925160981,2
"Cul4a.1",0.385428450251057,0.437876931730906,0.9318635705903,2
"Pparg.2",0.378365370333034,0.474326144590295,0.969542159355579,2
"Mgll",0.435941076787409,0.445315850400399,0.968308364431334,2
"Mgat4b.1",0.428480430870082,0.460277333638603,0.95070697222084,2
"Cables1",0.386024182354387,0.579369984222691,0.957663051298358,2
"Xpr1",0.361345490555458,0.577206354950554,0.949374795803311,2
"Phldb1",0.392682704146699,0.548829317160608,0.946043201452607,2
"LOC625360",0.365384110551866,0.535962060523248,0.965546786404142,2
"D330045A20Rik.2",0.446190319766783,0.558726490660986,0.954466262401921,2
"Rpl27a.1",0.436703885139357,0.576558671464521,0.929211319881506,2
"Ddx58",0.43179687131316,0.608812466818043,0.976096756370085,2
"Ociad2",0.4133655745548,0.605136440532615,0.944467462270242,2
"Lgals3",0.347811612237521,0.588588927943235,0.86963090373567,2
"Zfp212.3",0.329534457116398,0.582822486567739,0.890466187364658,2
"Arrb1.3",0.369510803507121,0.491531256549179,0.834490833060186,2
"Pex26",0.379556832438567,0.491814991796951,0.827690094721807,2
"Ktn1",0.417840645193338,0.513053293959501,0.885932006845153,2
"Matk",0.37177784627663,0.534496045473905,0.912570325830407,2
"Inpp5a.1",0.377510674815558,0.494196834672598,0.897922005569418,2
"Rab33a",0.312613378050718,0.497176901004529,0.956373952650776,2
"Nod1",0.342314707999073,0.453955053539396,0.990745382298546,2
"Pim2.1",0.323915531051998,0.443949169839783,0.9532703790892,2
"Gvin1",0.315199933146858,0.504707690918818,0.899255833034231,2
"Gnpda1",0.336618098388001,0.52816760819228,0.881655347043114,2
"Myd88",0.288991501882574,0.471896172188499,0.904443619010576,2
"Mef2c.2",0.315590070088221,0.457080757306667,0.866833134995858,2
"4930573I19Rik",0.600184048331475,0.581793955188097,0.912280737067912,2
"Selenbp2",0.583531289688755,0.627839457782604,0.926120568910345,2
"Osbpl2",0.566505757521866,0.615342549640794,0.919038878818427,2
"Oas1c",0.597271519189626,0.593646939529884,0.86956845183571,2
"B2m.1",0.604346599286642,0.577886774265335,0.860992206743956,2
"Il4ra",0.552552793858567,0.598854059264154,0.869261944889644,2
"Ripk3",0.570284121099954,0.60617318989641,0.84937956950463,2
"R3hdm1",0.53028193257039,0.665385309587907,0.829506295126158,2
"Fcrl1",0.545774292112908,0.647223766462654,0.822024475143184,2
"Dcp1b.1",0.612613407852991,0.673648089024284,0.852283335877213,2
"Kbtbd7.2",0.618213298399745,0.683592595635149,0.864142371411315,2
"Echs1",0.603347774015173,0.687117616274785,0.865593446910131,2
"Porcn",0.58946648296569,0.648737509326268,0.843239418656168,2
"Palld",0.575638724033011,0.667354497861825,0.876470575522516,2
"Car9",0.590416507995745,0.654605808267265,0.889699333908198,2
"Tulp4",0.489979077339865,0.591835553167662,0.976134932773345,2
"Prdx5.1",0.475442893245647,0.605784648054036,0.96028218423332,2
"5730469M10Rik.1",0.51046116538347,0.547762983690465,0.995553281559784,2
"Rnf113a2",0.513956095779776,0.560769051829069,0.97465898267696,2
"Cox7a1",0.503001681544796,0.566546337048863,0.979205526157855,2
"Cdc42se1.1",0.479325547454932,0.541415482944316,0.946882040781705,2
"Lemd2",0.481951886107932,0.560589346671821,0.973838793733623,2
"Oas1b",0.473585034335309,0.566514782104266,0.964096677401451,2
"1110031I02Rik",0.545976167921391,0.614575966150613,0.971703488103871,2
"Prr15",0.534971872026296,0.616281178276904,0.965759852505104,2
"Spsb1",0.549896842327103,0.562228155185345,0.947639828625955,2
"Mboat2.2",0.544280407842497,0.557809833968164,0.977295444540666,2
"Dnalc1.1",0.528698586592864,0.574944291271756,0.977739514499881,2
"Nol3.6",0.542777742582846,0.578098226936389,0.983121105115137,2
"Hes6.1",0.595404253210861,0.562717420410885,0.955041887116464,2
"Cd86",0.59024446510549,0.565107150154999,0.978496790589697,2
"Centa1.1",0.574780379055804,0.576188227926547,0.972215361893012,2
"Tspan8",0.597560832471003,0.630547138296736,0.995302322937736,2
"Mgll.2",0.578249141176329,0.621884810436002,0.982681350781607,2
"Fut8",0.57984916243894,0.605101218241052,0.987726380320007,2
"Fhit",0.567612679744857,0.604273462833092,0.996192223906893,2
"Try10",0.487168817586992,0.574534630084216,0.858725008164176,2
"Ascc2",0.503950978824057,0.570495460604791,0.828073377539384,2
"Sts",0.469804074010693,0.504407257034838,0.839725795487127,2
"Gria3.2",0.445653330808818,0.542012971622431,0.824475716450987,2
"Aqp1.2",0.437333233275032,0.55612020182514,0.754557963617907,2
"Ccr8",0.411093643198418,0.603439712791787,0.852234675636568,2
"Tec",0.416152310839579,0.568057420137781,0.868452356280194,2
"Ntrk3.2",0.429829753631836,0.570647092652188,0.84148995287787,2
"Gnpda1.1",0.36369061391364,0.56126054549181,0.828894253100345,2
"2310004I24Rik",0.407012512828231,0.558840092747269,0.799385577465025,2
"Pvrl2.1",0.489549729584676,0.700169877097906,0.790568581336497,2
"Slc37a3",0.496985660542284,0.724443383386561,0.852704071676085,2
"2810474O19Rik.1",0.521265178855862,0.701073593549188,0.836341107719615,2
"Seh1l.2",0.429570930698883,0.645454838804296,0.799484327060501,2
"Igf2",0.428713810979505,0.721475448289593,0.835273320913971,2
"C85492",0.533137430895439,0.692232294975436,0.874314985882199,2
"Mboat5",0.519593755577887,0.693690715844226,0.892113532964428,2
"Nt5dc3",0.486504250013901,0.697031446846817,0.874607524309289,2
"Gna15",0.482004264218127,0.682498529872573,0.895205549072289,2
"Sparc.2",0.512696805849078,0.606389009343565,0.919030621058318,2
"Plcxd1",0.518692217876534,0.656085891343051,0.904611086774457,2
"Oas1d.1",0.547060795329306,0.633889313704755,0.883379052331191,2
"Tes.2",0.554440696735182,0.632107119765232,0.909079585690378,2
"Extl1",0.53863904519608,0.631364766068021,0.917534697680222,2
"Ctsw",0.46498953552114,0.674295880655147,0.964704670903523,2
"Rnf208",0.410311734825198,0.665225660171379,0.931039504025288,2
"Rhobtb1",0.407308636794874,0.668629351509059,0.924233615062657,2
"Endod1",0.391927197390935,0.627614507965408,0.908061725301145,2
"Eml5.2",0.40203344963496,0.621441521382859,0.891219050378112,2
"Atp6v0e2",0.882547840888421,0.620887571259485,0.838400154755095,2
"Rab6.1",0.860585782734306,0.602917767486055,0.818516120881738,2
"Slfn10.2",0.848502798476972,0.610153906244627,0.842860688846074,2
"Acvr1c",0.826442934600312,0.588407043483876,0.906522510534487,2
"Mare",0.82870957226799,0.60811446989915,0.850096392760147,2
"Cyb5r3.1",0.828587627528637,0.617591677307583,0.868836624877483,2
"Mfn1",0.875278054356985,0.69884932736955,0.873054293791713,2
"4732496O08Rik",0.855605234827205,0.664958684355294,0.902340005630389,2
"Nt5e",0.884592307170261,0.690615740589561,0.912499206803881,2
"Ccdc28b",0.816826025404417,0.661678119912556,0.938478631125657,2
"Sepn1",0.82805364706465,0.709822711355805,0.908722795170295,2
"Sumo1",0.836186001148797,0.712028144190662,0.930068209823655,2
"Mtap9.2",0.843624157373643,0.696404294014765,0.935124792860556,2
"Zfp82",0.794590202070088,0.637431137947446,0.887681494859139,2
"Tnfaip1",0.799198021746766,0.625964276933004,0.901566379893128,2
"Serpinb6a",0.807073006511483,0.627355439745084,0.933636884204076,2
"Slc25a14",0.793908357158856,0.621662234090411,0.918389583564908,2
"Trp53i11",0.785035664379145,0.627279667715665,0.915729104841327,2
"Npc1.1",0.786331356554294,0.629833266870644,0.918521408213606,2
"Casp6.1",0.765736322551802,0.637458205306248,0.919247224204332,2
"B3galnt1",0.784529993481232,0.653011342071178,0.94236967499717,2
"Neurl2",0.787729125612764,0.65567199947144,0.929306457173847,2
"BC049806.2",0.812827771508987,0.686865293102992,0.863779353882843,2
"Pdcl3",0.812293022605355,0.687401816707027,0.866019366215799,2
"Adam9",0.842399834807903,0.686246046958768,0.859396074277854,2
"Kbtbd10",0.837634111765065,0.689962816699205,0.862286547635222,2
"Tbc1d8",0.829988495886284,0.677575983090752,0.855480412980639,2
"Katnal1",0.828291105013279,0.671987305783123,0.862977219504558,2
"Matn1",0.799519923771906,0.690838260065042,0.903041035595524,2
"Dclre1b.1",0.782698737208408,0.698674117342378,0.910227109647033,2
"Copz2.3",0.779502016970037,0.722555004540615,0.87186115805271,2
"Tex264",0.785678275400256,0.698121796225481,0.87952285450751,2
"Wipi1.1",0.792812915496996,0.694282163012716,0.871063808517677,2
"Cnot4",0.825281830080823,0.772139117965835,0.721466581572688,2
"Ccni",0.817531345935897,0.756896799124491,0.739922453071747,2
"Rbm47.3",0.784948021465765,0.744815518693651,0.717389958893875,2
"Bcas2",0.788353888568237,0.779209926680403,0.726958947798347,2
"Vhlh",0.879670410844031,0.735347224371952,0.789756013650048,2
"4930503L19Rik",0.862686165395745,0.79413104953531,0.789840526470955,2
"Aktip",0.87243446947531,0.7980589286869,0.753217980865577,2
"Snx25.2",0.871403934936552,0.78754612676905,0.748468696722217,2
"Phf1.1",0.837111233112794,0.78821043299577,0.746293248188647,2
"Fahd2a.2",0.847741701191541,0.80472010577144,0.766704608169234,2
"Gipc1.1",0.821220428929177,0.70317358241043,0.790099722697971,2
"Srpr",0.818524829725677,0.693450384219749,0.800945345775829,2
"Casp3",0.811401224016542,0.69895881641662,0.842288624520686,2
"Galt",0.81378344118979,0.716891592657375,0.826139865937592,2
"Tmed4.2",0.935250162866308,0.695055149280523,0.804831648424324,2
"Derl2.1",0.909453885765008,0.673336395573482,0.835023844813939,2
"Katnb1.1",0.895806728217773,0.695405351162855,0.852597213700067,2
"Sc4mol",0.904821671816085,0.695051141727766,0.83421749791658,2
"March8",0.804261816285188,0.609789562921937,0.732248882830961,2
"5630401D24Rik.3",0.776415663459207,0.626549511815827,0.72496734284713,2
"Trim25.1",0.815860116819052,0.681399698056595,0.724870223331485,2
"Ube2v1",0.805508385517918,0.658650719974447,0.700508572077106,2
"3110043J09Rik",0.836056042986737,0.658112737428106,0.709131564033908,2
"Acbd4.1",0.827259516149296,0.657903555144028,0.723139288813156,2
"Hc",0.798789778291468,0.657102031150443,0.750845397937745,2
"Micall2",0.786272034998854,0.666043634285436,0.777804367003589,2
"Rnf185",0.717403280075462,0.667315438243062,0.772943554668727,2
"Rps10",0.718882919769634,0.633445192031941,0.746563888243802,2
"Akr1b3",0.76213305936162,0.590603751555536,0.782900300755424,2
"Gde1",0.752284107458923,0.603504440623419,0.782232724970471,2
"Gnb4",0.780773396335916,0.594117087901406,0.832886196252861,2
"Arhgap12",0.793843267547086,0.600566489148614,0.814926780041396,2
"Rgs3.1",0.794574439719637,0.647312718955985,0.814221692191817,2
"Surf4",0.771179767889239,0.657178606946276,0.837709246837054,2
"Tardbp.1",0.790618927176269,0.6505478696394,0.846136562145149,2
"Rps21",0.743482854048563,0.622170860410918,0.814305450937366,2
"Zfp646",0.749044472985754,0.650806215927916,0.839591823346861,2
"2810474O19Rik",0.720327808842568,0.728990280443483,0.758246962169952,2
"2210012G02Rik.2",0.696896490224987,0.747683067587057,0.782687200760255,2
"Cntd1.1",0.757212777084584,0.706027847077486,0.794048742406329,2
"Samhd1.1",0.693491148961788,0.701014861967323,0.80352343119938,2
"Akt3.1",0.713011932829966,0.697513768013037,0.818878857025058,2
"Serf1",0.727770933612743,0.721231907415142,0.834737588333076,2
"Ddx49",0.702433786895615,0.711762439752074,0.830587139287916,2
"Stbd1",0.706165190041237,0.699875027662435,0.843699143853458,2
"Snx12",0.807035994642105,0.812237801932197,0.80466672082154,2
"Kif3b",0.833069590753458,0.758611045447881,0.813440805140526,2
"Gatad1.2",0.795376242933663,0.758863675368338,0.814715226619216,2
"Bbs12",0.744981972311237,0.800124513607412,0.798047714695512,2
"Ormdl3",0.762186906650464,0.815637601337714,0.805451639355382,2
"Tor1aip1.1",0.762270113983341,0.777109426698714,0.811151909175964,2
"Tanc1",0.737620202683017,0.777830037160232,0.805236665024913,2
"Kbtbd7.1",0.766733410017858,0.72384692885338,0.841016691728432,2
"Gm885",0.752020859136914,0.760426578234952,0.86458705458766,2
"Hprt1",0.890149493679592,0.857964884410268,0.765561237030201,2
"Rab9.1",0.941654928331894,0.894481834588148,0.752895290609445,2
"Srp72",0.900501920461015,0.869353279017329,0.674554507423354,2
"Cit",0.905298840473905,0.845073172703277,0.646598731659931,2
"Zfp316.1",0.926964827262813,0.806813487107312,0.694490917865602,2
"Zcchc6",0.88087316910433,0.835257726059107,0.71793116176266,2
"Tnni1",0.886108973134189,0.801539003118407,0.695938785261635,2
"Grik5",0.941251419212488,0.638287847051049,0.726597426219819,2
"Mapk8ip1.1",0.913164338590851,0.688559085041311,0.752010441293913,2
"Gtf2e2.1",0.926476037776025,0.693246633454062,0.711520345491622,2
"Map1lc3b",0.85719878868212,0.632611235503991,0.74964880819457,2
"St6gal1.1",0.850502586462033,0.685907635007583,0.697649033545707,2
"Mtmr14.4",0.871156695634219,0.681321930235196,0.739949458340741,2
"Top1.1",0.982731184756177,0.635466433129139,0.625927818164491,2
"Hscb",0.884279565139591,0.744408635310884,0.617197685598219,2
"Trerf1",0.893099336726316,0.763532535867828,0.660202219000997,2
"Itgb2",0.902930962124116,0.718899107781948,0.662449048447538,2
"Muted.2",0.869212898854269,0.658803050081163,0.589915872665678,2
"Fn3k",0.850247617655832,0.650338289251173,0.611674562757155,2
"F730014I05Rik.1",0.846398948006519,0.668461019908408,0.631780981150206,2
"Ddit4l",0.899795289890967,0.654093021761631,0.672509885663883,2
"Ndufb5",0.886342498183749,0.641510114706228,0.656128448284696,2
"Pofut1.1",0.843641247115936,0.644420445863037,0.668179222864531,2
"Eea1.2",0.863875198845865,0.626524724110056,0.681737708941481,2
"Batf",0.848383964851579,0.76928529910044,0.897805349062577,2
"Dcp1b",0.860151325087775,0.761826135338311,0.866980652162294,2
"Nfx1",0.820424800629786,0.817200892069244,0.866524297562839,2
"Rab34.1",0.83127189244362,0.774673931271102,0.848725492496182,2
"Ctla4",0.807364171424337,0.769274602869762,0.881965162135178,2
"Rpl41",0.81266775326618,0.764034293020348,0.87813873472461,2
"Fbxl12",0.894710975966293,0.799975008056213,0.919440229855519,2
"Nt5e.1",0.913676698040578,0.762322457508401,0.939273878803647,2
"Adnp.1",0.921520155320434,0.778268639028259,0.884699508756026,2
"Mrs2",0.897801495007837,0.746429088659675,0.86804656176958,2
"Dctn2.2",0.895388675527438,0.735644808090631,0.869399437139179,2
"A430005L14Rik.2",0.872363534442474,0.86613114275041,0.912916384497722,2
"Cdk5rap1",0.870319446190433,0.883788955195495,0.919073590030138,2
"Tgoln1.1",0.868010512653708,0.88093671154827,0.930983820263133,2
"2210412D01Rik",0.8980813582777,0.87210473894028,0.894722236575339,2
"Ehbp1l1",0.908157530147611,0.90432687329546,0.917706963818552,2
"Tbc1d2.4",0.901292665459442,0.867899771517263,0.988496249015814,2
"Slc39a4",0.916690866908421,0.852387478997622,0.952022283442643,2
"Supt3h",0.9175780374924,0.827832261758242,0.951222195246666,2
"Mtmr14.3",0.907428963089034,0.826992663182361,0.957959099727787,2
"Ilkap",0.856172160480013,0.834346656489551,0.899830975308258,2
"Stx5a",0.858597937591094,0.8364171509692,0.917760407021063,2
"Mef2b.1",0.813014763883783,0.806120044250709,0.911753178159666,2
"Prdx5",0.846292644214375,0.808465579178277,0.931641699764094,2
"Casp4.2",0.840670424453092,0.807901184025262,0.945972740742915,2
"Adam15.1",0.834346705971001,0.823773672078684,0.982278445203295,2
"Extl2",0.845087306659231,0.801431265487267,0.984927091991419,2
"Trim21",0.86966197963972,0.817168519475927,0.976262613707699,2
"Pik3r2.1",0.857567324595835,0.821627887087906,0.962030395548224,2
"Luzp1.1",0.843704067577042,0.815213983495961,0.968250991806111,2
"Scamp1",0.824862641485336,0.843535331371493,0.991760518704779,2
"Dlk1",0.83889257412718,0.849870188556477,0.98866506770048,2
"Smtn.1",0.848566658228313,0.842643526074884,0.971629276593385,2
"Atxn7l1",0.845130866475644,0.860095449858987,0.969496622353079,2
"Pef1",0.849299697472437,0.855659502432392,0.973510996295728,2
"3110001A13Rik",0.820635499514525,0.868694620633414,0.957894761363866,2
"BC031181",0.844031511783784,0.850020645774252,0.956441648028109,2
"Afg3l2",0.837747228428284,0.842542559320449,0.942231705623282,2
"Otx1",0.906283855280019,0.846842471385513,0.858425239445136,2
"Lsm12.1",0.849948156912347,0.862580661892845,0.850227023100187,2
"Rpl12",0.867949423566831,0.888737317328614,0.849833249155179,2
"Mapk13",0.957908365714948,0.862042773260674,0.842115175960703,2
"Gltscr2",0.95947807732861,0.831609605108753,0.835362831155054,2
"BC038286",0.956925017179008,0.881175596001963,0.88361055453216,2
"G3bp2.2",0.929411932508586,0.889615523176988,0.870035967628171,2
"Syne1.2",0.932403831203084,0.8871985483088,0.852365164707776,2
"Nxf2",0.917610922487488,0.948240997594498,0.822884608294328,2
"Atp2b4",0.904613984922924,0.927795751991358,0.85253189426455,2
"Zdhhc7",0.915849782591026,0.915061745546335,0.884152154578167,2
"1700023B02Rik.2",0.894468659111126,0.965729185469625,0.874308284918664,2
"2310047M10Rik.1",0.947289050729823,0.964041927280665,0.883925111118706,2
"Alg8",0.847169991598911,0.953080587124187,0.810732195156157,2
"Pbx4.1",0.858627083278194,0.951545707306648,0.830853103172661,2
"Lgals6",0.856559649542752,0.925824399458781,0.791202638933435,2
"Acsl6",0.879282243725867,0.933195448176928,0.765363845956084,2
"Acsl6.2",0.879584180966106,0.911630611506427,0.763905902067749,2
"Cdkn1a",0.943056343198417,0.9814658116067,0.964266836488364,2
"Oit3.1",0.944746891538647,0.976293338229106,0.981102902831622,2
"Phlda3.1",0.976819005054967,0.94520065025667,0.978252957791966,2
"2010001J22Rik.1",0.959660610809786,0.969128274974292,0.94940140889074,2
"Slamf9",0.942837809615319,0.941752938204414,0.950844204705153,2
"Cst7",0.945361364917305,0.913726783248484,0.993419295683479,2
"Plekhf1",0.918468628296117,0.901201104637663,0.974595913499353,2
"Serpinf1",0.926290631243782,0.90734901966882,0.984825019441937,2
"Tbc1d1.1",0.907715720465979,0.939128214817405,0.971824264513205,2
"Cdkn1a.2",0.934781928972302,0.962106298416342,0.985301445089977,2
"Tnfrsf8.1",0.922241457572663,0.94889116115499,0.982907476162673,2
"Myo1f",0.879334896866481,0.982610880909255,0.928998019659326,2
"Ier5l",0.874671889585661,0.956453272942786,0.925184079918244,2
"Pou4f1.1",0.828223999689316,0.943031145786834,0.897745670161208,2
"Copz2.2",0.829056183883359,0.967232075984727,0.892547669059522,2
"Lgals4.1",0.829619514774401,0.945569235641793,0.869328386092059,2
"Gpx7",0.849723593040919,0.937831350727547,0.87904754047101,2
"Irf6.1",0.849639624542065,0.937489452812487,0.887793241589811,2
"Slc6a6",0.8459683701663,0.905339014272674,0.896188896363381,2
"Ppm1k",0.867960793094432,0.919181021601036,0.889607466384473,2
"Taz",0.841278914400846,0.908457355493758,0.933514722254044,2
"Fnip1.1",0.861940642123189,0.931281549820434,0.91539776703337,2
"9030617O03Rik",0.859076167915509,0.929075948717221,0.916166236719073,2
"Atp8b4",0.870573223602923,0.889292419511141,0.96876999783393,2
"Ptpn11.2",0.860558658503409,0.901156727388868,0.968945823479531,2
"Lpxn",0.850991931706697,0.883128019270676,0.975597133405331,2
"Stard10.1",0.839819432122935,0.895113586882327,0.963832963795402,2
"Sh2b1.1",0.88145400419072,0.909660391256439,0.982794224389162,2
"1700019N12Rik",0.896408903830114,0.908170676504583,0.970882254039892,2
"Gats.1",0.86539498206907,0.919654998261874,0.957151973748024,2
"2610020O08Rik",0.876784950586234,0.935815461005626,0.967507741031437,2
"Ppt1",0.874264355711904,0.948775735862099,0.965611770414686,2
"BC034076",0.79894140976585,0.893529390190711,0.907546119341325,2
"Scarb1",0.826839647712973,0.878913215679548,0.905538307242309,2
"Plekhf1.1",0.824551241870127,0.875708096656727,0.929264390064209,2
"Stra6",0.808810865114005,0.929672449416294,0.927991889505457,2
"Xpr1.1",0.821994535166708,0.921580716367145,0.961180837149665,2
"Adamtsl5",0.819793989357333,0.919978740832415,0.968203244545838,2
"Npc1",0.812567274964339,0.898972954704928,0.941778676827119,2
"Sema6b.1",0.817799089231318,0.901966652610376,0.935149803139895,2
"Hnrpdl",0.795498846105046,0.900717807560132,0.948145015402751,2
"Lilrb4.1",0.797789802584788,0.910827028483381,0.955463318338594,2
"Ssh3",0.74211448621185,0.73421561618246,0.982558497566574,2
"Casp6",0.746733318961089,0.702549266946293,0.926562626410915,2
"Mef2b",0.748007674841261,0.697620541720082,0.93558137731145,2
"Snx25.1",0.759664034537237,0.72807209973024,0.918913004121371,2
"Ubtd1",0.736716935112357,0.7424079113285,0.942060696167682,2
"6030408C04Rik",0.737455223218961,0.724061899464838,0.939452567362316,2
"Tbc1d2.1",0.735760070697103,0.73200774236597,0.936523590246575,2
"2700097O09Rik",0.705709806961093,0.674342634287635,0.944579269354082,2
"Pde6d.2",0.727873099621081,0.668634474826191,0.953251010024136,2
"C85492.1",0.718111590636281,0.662588075619625,0.948998789611614,2
"Cyp4f16",0.720929752901991,0.706380721306203,0.956725565123351,2
"Ctdspl2.2",0.728855573126848,0.683393642319858,0.964352623755365,2
"Clcn3",0.763229978584766,0.683129800271978,0.96886775076745,2
"Dhdh",0.758386215996893,0.691170805654283,0.981556955601556,2
"5730446C15Rik",0.754981505495965,0.692801827456618,0.973914175360975,2
"Mpp2",0.780631228195283,0.694853618387402,0.938548341439795,2
"Adprh",0.780735469789089,0.681071837993886,0.954355500807201,2
"Reck",0.774978389100285,0.67525224398947,0.953601257727094,2
"Htt",0.658147278143928,0.717079207089874,0.922931822250027,2
"Tmem81",0.669584061778282,0.701816693090656,0.926037588764588,2
"Lrrc49",0.663536092455038,0.680253175479666,0.937258171336571,2
"Ddah2",0.664125021340213,0.685255110399412,0.912637572449348,2
"Foxj3",0.702512265675191,0.735546746641472,0.880550999203215,2
"Riok3.2",0.708556900397106,0.744754046648985,0.910043211931702,2
"Snai3",0.690727858256384,0.741546270028934,0.902787218880797,2
"Wtip",0.698983409090121,0.741218216381777,0.898710978062898,2
"Pkn2.2",0.712827202409088,0.688753160125583,0.868064802611472,2
"Polh",0.701634176176092,0.678573674185592,0.884993471886327,2
"Hprt1.1",0.677477177483788,0.701773596153165,0.871595666811728,2
"AI894139",0.68364113426331,0.679662028975736,0.865834180239288,2
"C76566.2",0.713469830537414,0.680595819152928,0.909162475873606,2
"Six5",0.734115590772532,0.696471655208942,0.876809436429057,2
"Wdr60.1",0.727134429776126,0.694773234779359,0.874442362469394,2
"Armcx6",0.763831807023638,0.790783495572046,0.985781480182106,2
"Nin",0.751459046373879,0.781621662826053,0.994798313122501,2
"Brd8",0.77176317025699,0.811275900443938,0.966561492443653,2
"1700023B02Rik.1",0.775659403887935,0.821940148087956,0.982285270290241,2
"Rbpj.1",0.778927692345163,0.810920970459988,0.983899056070527,2
"Spcs3.1",0.807805287270655,0.712649999356492,0.984865975093136,2
"Morc3",0.783643318784612,0.74897390153234,0.955618457391596,2
"9430020K01Rik",0.796189478895495,0.757927257999351,0.973255339888262,2
"Cyp4f18",0.811404559050435,0.783712227601243,0.967731492789463,2
"Slc19a2",0.799177481703319,0.784595034357973,0.969348666520003,2
"Rasa1",0.822773070800548,0.798807015463301,0.969259535467531,2
"Tgm2",0.831448749359106,0.784628580959608,0.979247803333888,2
"Slc13a3.1",0.820770618437939,0.76492281227012,0.923555598557747,2
"Cst6",0.790061619824702,0.771262320143691,0.926981141837141,2
"Rapsn",0.787316291389876,0.790312698624959,0.932471699108498,2
"Sdcbp2.2",0.729005967098888,0.803877476702637,0.975613362648462,2
"Atp2a1",0.70898316371905,0.798847231814668,0.95054359207556,2
"S100a3",0.718925272711831,0.786027424174931,0.959089230806616,2
"Myst4.1",0.702666180983491,0.7516352505635,0.977938649557606,2
"2310016C08Rik",0.697238284896608,0.751270788897355,0.962006502108339,2
"Egln1.1",0.696781319195346,0.751941356599747,0.956305744803063,2
"Arrb1.1",0.687700471959804,0.775439504280674,0.986160322757388,2
"Sdcbp2.1",0.701338678510251,0.788351424961661,0.97132952876403,2
"D030074E01Rik",0.695006498856987,0.779340236376811,0.973196589923912,2
"Crat",0.679724685791189,0.766319534812016,0.941940817880504,2
"Dnase2a",0.66896671309565,0.761843187823751,0.926273152991345,2
"Dgcr6.1",0.69278136017266,0.746292974369025,0.938301342714303,2
"Elmo2.3",0.694679092023898,0.732035186046091,0.94294366778785,2
"St5.1",0.696477028570304,0.734070424240999,0.946933680460535,2
"2510009E07Rik",0.670022736968721,0.727615957420816,0.943410602798712,2
"Hmgcl.1",0.688163291695633,0.72570107775405,0.934491728341969,2
"Ybx2.1",0.679855494831601,0.716456838507764,0.970241450382598,2
"Prdm16.1",0.678673126039671,0.750934843099533,0.980749264701568,2
"Vamp4",0.672344576637149,0.735530928054967,0.986747348773868,2
"Vdr.1",0.674003592536414,0.73275244048189,0.98369209102596,2
"Gab3",0.645761012628572,0.735977771237067,0.968042328105879,2
"Mboat2.3",0.650551174389777,0.73244564302725,0.969620872414909,2
"Tmco6",0.675379860972692,0.745061035087368,0.959515165906875,2
"Bnip3l",0.666831788930086,0.746487604458705,0.946092204509449,2
"Anxa9",0.667831857859996,0.754889638650463,0.956738112028355,2
"Enpp4",0.668908179073766,0.756090128207659,0.948551882534621,2
"Golga2.2",0.74441432154819,0.816259954697798,0.925034518760917,2
"Pkp2",0.725219107097228,0.80901345526836,0.937028751814301,2
"Dcp1a.1",0.71792623189189,0.805939575459967,0.93262506210741,2
"Kif14.1",0.716444227848078,0.849128094454557,0.936596151458067,2
"BC030307",0.73159331291874,0.832111049350626,0.909951633053381,2
"Arbp",0.720585894837473,0.849016930965915,0.904848801206018,2
"Riok3.1",0.721613196003174,0.765093621678164,0.921021337966413,2
"Id2",0.737965914273217,0.771989210696028,0.943199925698123,2
"Hmgn3.1",0.730336332883689,0.761875711604113,0.943405155743233,2
"Alkbh5",0.758381668668164,0.793762519717296,0.896491527741104,2
"4930402H24Rik",0.72162307096069,0.788222707036174,0.878011453132296,2
"Wipi1",0.72432697080338,0.788144042891366,0.906726601762574,2
"Dync1i2.1",0.711439231390774,0.809073620915136,0.908472080361845,2
"H2-T23.2",0.700279449065521,0.79186222381704,0.908143231347897,2
"Ss18",0.653629582628265,0.79844998339573,0.870541617209372,2
"Cntln.3",0.652389239633958,0.784477764260771,0.885900369646895,2
"Tmem143.3",0.670866301905222,0.778106015171859,0.871806343912059,2
"Phkg2",0.686549964438417,0.773134071528644,0.88697274975761,2
"Sav1",0.681819255963677,0.779784304468866,0.893866221342339,2
"Nphp1",0.677869577885501,0.785983460104632,0.891701214732328,2
"Egln1.2",0.672734503651103,0.803384140532257,0.935139806164991,2
"Zbtb32",0.67963838547488,0.799953515318811,0.903625862944263,2
"Sirt6.1",0.670437126490552,0.801956899291602,0.913980481771226,2
"Cetn4.1",0.665463614078694,0.801171121678572,0.904863931311355,2
"H2-T23.1",0.650858415492785,0.781407127037417,0.907600088336015,2
"Zfp212",0.660462858886268,0.784917237338544,0.899126142232575,2
"Cercam",0.651425789182957,0.770685847549358,0.929264949776026,2
"2210012G02Rik.1",0.640572998562526,0.784887870266641,0.926416413738437,2
"Antxr2",0.645709685452918,0.789452810952928,0.930495137505353,2
"Il24",0.685417645689461,0.873341555118956,0.94095025492973,2
"Isg20",0.671386359326576,0.837990145078122,0.921037383092341,2
"Ostf1",0.684751429090178,0.849283154325001,0.926197770686092,2
"B930041F14Rik",0.698202097104173,0.838402987743601,0.921322805230353,2
"Furin",0.634047276944596,0.819000656156509,0.944294655606102,2
"Capn2.1",0.650107551253966,0.816066414879562,0.946404315256425,2
"Tbl1xr1.1",0.648145596389034,0.824719698530864,0.94737238032535,2
"Folr4.2",0.678761936548558,0.842631157156398,0.959024201552168,2
"Pkp2.2",0.68203622743589,0.823508560680325,0.971950970063299,2
"Rab31",0.683601913039372,0.82270055739951,0.950463294050713,2
"Haao",0.690243559638989,0.816487477205315,0.952434677964947,2
"Usp22.2",0.778301964891838,0.870876532915047,0.829923658895121,2
"Cox18",0.763222535549625,0.865401187948593,0.859610701856993,2
"Arl11",0.787674223037671,0.882609808791333,0.861856419942133,2
"Cacnb3.3",0.792204164877819,0.879567743915086,0.773379934526077,2
"Agtrap",0.761462960251333,0.875290315303174,0.7584836988983,2
"Eif3k",0.77376160615279,0.860666087885531,0.795779442267565,2
"B230317C12Rik",0.738554592989021,0.859812546135103,0.799300639428027,2
"Id2.1",0.751657901881158,0.840033462050661,0.808976143687016,2
"Plod3",0.802115878571829,0.969253029398494,0.852180568214455,2
"Cdkn1b.1",0.792904466438163,0.952576706764138,0.844195230194094,2
"Eif4enif1",0.823017457437068,0.911793718562237,0.85782269020397,2
"Smchd1.3",0.780346493022527,0.91117222722996,0.84209660775146,2
"Foxred1.2",0.723234671348182,0.954931598731285,0.800197553547399,2
"Il8ra",0.732074599536375,0.978214677572145,0.83996754937032,2
"Rsph1",0.763503467188932,0.968778466649079,0.851291369622881,2
"Ggn",0.733083545807974,0.908846899010153,0.920974429692497,2
"Lgals9",0.704156021840704,0.889026322879791,0.923379737272488,2
"Insig1.3",0.724347296419735,0.885547637459625,0.909737534351822,2
"Luzp1",0.761696237478441,0.866679405001841,0.917879137476049,2
"Hmgn3",0.790961957601503,0.844453398800907,0.952483977814377,2
"Armcx3",0.784661525888281,0.840074823630637,0.931177075191499,2
"Cops4",0.780615412329674,0.855809382124815,0.936777442227854,2
"Ddx25",0.78316834478972,0.825635370180011,0.942290903979824,2
"Hdac5.2",0.768101274688584,0.841488564595407,0.950367742276644,2
"Dmwd",0.791835465802958,0.894947609985588,0.978153377938658,2
"Ppp3ca",0.76892737757807,0.854931914686313,0.981637680256868,2
"Dmwd.1",0.737057665837491,0.875270983709435,0.963613751371446,2
"Glg1",0.758650223949782,0.884794937042971,0.959355540632089,2
"Rab6.2",0.73198443163404,0.83272052985464,0.856233242556143,2
"Btg4",0.722589133227293,0.854894035823913,0.832692658840426,2
"Inppl1.2",0.734034509313189,0.825837329360936,0.821019231502339,2
"Gm561",0.703184418305741,0.833787400459884,0.840733691238833,2
"Fbxo21",0.696221262696989,0.825950731963758,0.826919775066357,2
"St14",0.683094319353115,0.824091837358161,0.838063916355469,2
"H2-Q5",0.677308462837461,0.812009918873648,0.854249147947966,2
"Hdac5.1",0.671805244069074,0.807838741606057,0.851042084626772,2
"Hnrpul1",0.694729024044722,0.803213294252105,0.849046196711955,2
"Mrpl33",0.697529362920329,0.781848222865555,0.847599485918099,2
"Cd79b",0.668368294623562,0.906357378409248,0.829656667338121,2
"Ppp3ca.2",0.649400766288829,0.921248154976981,0.833814705034028,2
"Cd79b.1",0.695180457449729,0.920233848434787,0.824396342567543,2
"Enox2",0.702711701846077,0.933993301721968,0.836123985176406,2
"Gp49a",0.6866459766204,0.925154232922871,0.862370650764817,2
"Adora2b",0.698948274500565,0.902793627839342,0.85140358543295,2
"Samhd1",0.679416633902038,0.837042451612546,0.851196106332122,2
"Anp32e",0.67576780646781,0.843017637995633,0.87388049459884,2
"Lasp1.1",0.698886927641151,0.854430992513518,0.882098898996978,2
"Sirt6.2",0.693524605421184,0.848481572665224,0.872973933363801,2
"Tnfrsf8",0.68369013059904,0.868679712116354,0.892858140039073,2
"Ela1",0.673039087554084,0.851697308993659,0.900805830461642,2
"Tpd52.1",0.729553882050402,0.866996638793102,0.870697040094779,2
"Gnaz",0.727673886706568,0.862542035782354,0.879198255804738,2
"Dapk2.1",0.669900814208337,0.888189412322845,0.872461920093468,2
"Bcl3",0.712275774864148,0.895369687222425,0.885465296332289,2
"Myh10",0.686245915272181,0.895578711097385,0.899763293791931,2
"Nphp3",0.525324855941078,0.618625013911322,0.736474218767951,2
"1190007F08Rik",0.57937337283807,0.566810451736647,0.767798756082253,2
"Gys1",0.5808037206881,0.560182458037866,0.733435418451045,2
"Unc13b",0.535933174806174,0.591429262520316,0.785175066692884,2
"Wdr59",0.54978000568954,0.561315769601392,0.781598654260396,2
"Sgcb.1",0.546998589780063,0.562636739426939,0.751849442849435,2
"Ttc30b.1",0.621615668299468,0.653955837326081,0.766203228782191,2
"Hexdc",0.600113424258172,0.630190657388693,0.782333955024883,2
"Usp25",0.595861409111422,0.618536956462202,0.759920668877331,2
"Rnf170",0.635388041672117,0.566617274335536,0.701338581086299,2
"Palm.1",0.625547978138894,0.604846861341288,0.722637817597424,2
"Lrig3",0.644515984863642,0.59200535810236,0.738596593120284,2
"BC057371.2",0.643069019363739,0.678167923047941,0.724691405810476,2
"Mllt3.1",0.661125714354701,0.659828730893009,0.701031051899028,2
"Gm867",0.676161279142376,0.666614440657892,0.729075306386129,2
"Agpat3",0.648839113620053,0.63394377158781,0.683932819364766,2
"Phf15",0.668528915579286,0.662995062653645,0.643097268581791,2
"Cryz.2",0.641870987285089,0.670303121549882,0.662379794107901,2
"Hexb.1",0.540979391405406,0.700898998578183,0.718198253570813,2
"BC087945",0.563695040676642,0.73240219397427,0.69268259497544,2
"Ctdspl2.1",0.531943867117101,0.710110653466363,0.675667150205236,2
"Tns4",0.562411188687241,0.667424198072602,0.66168038862275,2
"Mov10.2",0.591844970483401,0.62058012375822,0.664042596077501,2
"Tle6",0.614216200465614,0.675381354297502,0.988944453748103,2
"Asb2",0.593630160770949,0.663547673940571,0.987329851233023,2
"Matk.2",0.598174739832648,0.706193896825176,0.98148385644757,2
"Sod1",0.605731864418369,0.693152666854765,0.983710824441087,2
"Ccdc126",0.578424441913579,0.686130667516247,0.961257125035379,2
"Smtnl2",0.586091502584572,0.687392850194265,0.980050735738747,2
"AI747699",0.56532971787612,0.6724302756689,0.951791096106136,2
"Rxra",0.56364097286721,0.641058316401494,0.989803140741728,2
"l7Rn6",0.575792732073139,0.655038690311225,0.960411307492751,2
"Nat5.2",0.579475784957825,0.646508369165387,0.970958146289017,2
"Cd86.1",0.642851406021961,0.647706660489459,0.995982857975791,2
"Cd86.2",0.642454549777751,0.655270791877693,0.992830879104633,2
"Mxra8",0.665860173184679,0.67914844769654,0.971294707673792,2
"Slco4a1.1",0.672878741095298,0.671367558356312,0.983351004192282,2
"Fth1",0.649005291927891,0.692839030619263,0.972775247082935,2
"Reep1",0.645118469855337,0.681985177049659,0.989672240443119,2
"G0s2",0.629736342879531,0.654178116355781,0.907344311636655,2
"Serpina3h",0.615866764375966,0.640184033682285,0.893185530862267,2
"Stk32c",0.577708485931673,0.647111959086101,0.938010586919917,2
"Ap2b1",0.600367263311942,0.645417034226079,0.949623513302668,2
"Fhl2",0.599072571294051,0.638744668259523,0.936892856827012,2
"Sypl",0.625929288428945,0.678674188110101,0.942996116237892,2
"Atg2a",0.598454356970322,0.67375576937104,0.931821668395847,2
"Odf2.1",0.578407861935735,0.707028687294177,0.945046745028397,2
"Sp100.1",0.569887361188693,0.714898571899545,0.93825340180048,2
"Ifrg15",0.551678359136837,0.735825243902896,0.945376541083341,2
"Bik",0.573680323304577,0.740993695107919,0.929987646522716,2
"Slc25a23",0.579720184462452,0.739711571884387,0.947946353805948,2
"2510009E07Rik.2",0.522988230958392,0.703919020360084,0.962514411341967,2
"Plcxd1.1",0.527118024679466,0.716316587419604,0.930672676566881,2
"6330569M22Rik",0.527187585319698,0.723926084505551,0.927521092195372,2
"Nosip.1",0.587547071544657,0.738029568423944,0.899612489822977,2
"Pnpla2",0.612989518078316,0.72500139899539,0.870386438356055,2
"2610020H08Rik.1",0.607549913045247,0.761831998090099,0.877750741835054,2
"Galt.1",0.653526263041381,0.724068819588331,0.896677664016391,2
"Ccdc120",0.646898747357818,0.716278002492944,0.894066279702208,2
"Car5b.1",0.606898379176264,0.725946238013237,0.921714599700476,2
"Slc39a4.1",0.623927652366408,0.720807959902895,0.900320860157627,2
"H3f3a",0.628484850772492,0.713241141312546,0.915969990497351,2
"Pabpc1.2",0.617086862157354,0.705885262291866,0.905852858932186,2
"Hap1.1",0.622983014719268,0.773479441604605,0.962094336554492,2
"Soat1",0.621401754376392,0.76125044286159,0.969646363472046,2
"R3hdm1.1",0.647364732664946,0.776047157409777,0.966982512109521,2
"Ifitm1.4",0.630295509775432,0.788468449831866,0.946572309079192,2
"AI597468",0.641242647694213,0.784471207426035,0.941008567089771,2
"Tex9.1",0.593601176130856,0.788277516046705,0.948038776095017,2
"Spag5.1",0.610604209100213,0.769638848633806,0.9242382840563,2
"Armcx6.1",0.576964929732473,0.76508662117019,0.924510247920356,2
"Plcxd1.2",0.580451026313865,0.770552888681807,0.928513040234858,2
"Dnalc1",0.590554745504953,0.724530126489949,0.966681450332895,2
"Myl4",0.598415610204905,0.731737054136587,0.9713904687888,2
"Jmjd2b",0.605278751959619,0.706740509795008,0.944631844279572,2
"Klk8",0.631110544427401,0.721147056128324,0.961155878490679,2
"AI451557",0.635289064358873,0.716970449316405,0.943380954641548,2
"Sh2b1",0.628448150578321,0.714532029940614,0.943937538603692,2
"Basp1",0.483804909966176,0.834203790683912,0.865933447688401,2
"Pter",0.4572842228245,0.794591183916001,0.853375703785755,2
"2310046K01Rik",0.489920064655799,0.791355955096685,0.843509547154478,2
"Car5b.2",0.555048052283449,0.827788212303166,0.921101017030559,2
"Lrrc16b",0.560111184037603,0.789040218119519,0.896106384076068,2
"Capsl",0.526560294514772,0.786630341943726,0.913275312295257,2
"Pon2",0.546345411349056,0.778530433632214,0.935682103643261,2
"Idh3b",0.658173395414526,0.769366940180042,0.81848658158227,2
"Ppap2a.1",0.683900038821381,0.76130987871967,0.84944192884399,2
"B2m.2",0.682028502349785,0.775022242799313,0.858160904828394,2
"Zfp524",0.638510843801423,0.742961167716585,0.871761948254326,2
"Vldlr",0.657084277428314,0.738283070403156,0.855408438798523,2
"Wipi2",0.64875539382896,0.753224851350841,0.849221326728475,2
"Epm2aip1",0.650878659227527,0.727752439478598,0.816318078119906,2
"C1qtnf6",0.671047869367178,0.722341596541422,0.833157113197575,2
"Tk1.2",0.672090741596099,0.717622507694956,0.851242004041026,2
"Cuedc1",0.560695356747093,0.783222516588803,0.847666442210617,2
"Tnfsf13b",0.562600550290295,0.800998367136006,0.815044291437703,2
"Zfp768",0.605354024344548,0.774430716026376,0.825009296273134,2
"Cdx2",0.61657150383988,0.758190029567442,0.808968662646196,2
"BC057371.1",0.58117123926103,0.758571817528225,0.819074066499451,2
"Cdca4.1",0.574098451128081,0.751657264848211,0.794608529070189,2
"Zranb1",0.612822549884651,0.805826037687648,0.884678021699923,2
"Lrrc29",0.620889041222928,0.792196864537053,0.862871269958608,2
"Lif.1",0.607769409026735,0.791761199179343,0.861312112449918,2
"Oat",0.624671056367723,0.873010463527464,0.905816207368641,2
"Capn2.2",0.62642690160666,0.87439098399293,0.893011701569383,2
"St3gal6",0.631403409610302,0.860729716161597,0.916301382715265,2
"Cyp2s1",0.634911961322764,0.84567493317179,0.913631745914075,2
"Mospd1",0.605022873113739,0.805206788031479,0.921921790416466,2
"a",0.632442706200359,0.804664472597166,0.913182193577963,2
"Etv6",0.620810087195761,0.801885714725146,0.918918932112372,2
"Matk.1",0.613166227994665,0.831724067201435,0.94495145277585,2
"Capn2",0.607379145718017,0.831912144192815,0.911196135841439,2
"Dysf",0.591192803915252,0.86505527339133,0.861888318906235,2
"Syngr1.1",0.569271734738373,0.829324417889534,0.870172007080402,2
"Furin.2",0.568984749703654,0.855302047470628,0.877738649081544,2
"Alg2",0.583224197724952,0.849280619560238,0.811309631886951,2
"Atp6v0a2",0.567657660470906,0.853281580634077,0.807995933274236,2
"Ipmk",0.544896388019599,0.830581209930791,0.832233127097828,2
"Ipmk.2",0.550624108662909,0.849257404112839,0.839060564999786,2
"Epm2aip1.3",0.65065274441101,0.871028324547789,0.842341382449601,2
"Map2k6.1",0.62618813485003,0.86300273484396,0.824325793441523,2
"Gpbp1l1",0.631270937013692,0.84397418768632,0.843727264734901,2
"Pex7.1",0.62117444736904,0.815839649287927,0.826627297296475,2
"Zfp142.1",0.615304088212195,0.828246687702136,0.773434526084634,2
"2210012G02Rik",0.62731401985495,0.843892792929101,0.795189685328245,2
"1700019D03Rik",0.736146310813168,0.954497200902179,0.625689249951463,2
"Rai14.1",0.729060815955997,0.92123640873486,0.677090980016461,2
"Rassf4.1",0.824453485613825,0.869347994792733,0.72185289610326,2
"Pqbp1",0.817009353539352,0.871801198374758,0.646795976152232,2
"Rad21",0.807288984295856,0.917495114804361,0.667509869314964,2
"Irf8",0.689449879810145,0.772105853468855,0.590860202223193,2
"Scotin",0.686571012970088,0.822805652147462,0.585656065465318,2
"2700081O15Rik",0.70011212188409,0.804573357379443,0.629269847191601,2
"Tcfl5",0.690471979933212,0.798407132150101,0.611590615948174,2
"EG630499.1",0.670525067785384,0.877238792888144,0.650841857795697,2
"Golph3l",0.635070737700018,0.837889403693937,0.623120970415516,2
"Fut10.3",0.64719350869619,0.851539163798566,0.620670455891481,2
"H2afj",0.686578368655986,0.783092355355279,0.644918729388651,2
"Hnrpk.2",0.721199342824948,0.779706560764567,0.656920069157044,2
"Rapgef3",0.697863929466573,0.853822332849767,0.690714858989641,2
"Sema3b",0.670195436288843,0.815892536104342,0.66651039020409,2
"Gpatch3",0.771850010738658,0.857392884792306,0.606508764067587,2
"Lrp11",0.734579278977078,0.830778167030466,0.60384387516066,2
"Mest",0.741302984304619,0.824432685244813,0.640791428790816,2
"Kcnk10",0.760572886092726,0.828089688892017,0.700798235940727,2
"Tln2",0.768685968729844,0.839401520124956,0.704816726787848,2
"Ccnd3.1",0.777705312384242,0.824928859056466,0.63187912212068,2
"Rasa4.1",0.783211230977078,0.811714645994668,0.643958976565537,2
"Ddb1",0.751196421131541,0.790657004965452,0.649653682332098,2
"Bud13",0.763267598361849,0.796060129068572,0.663577519324772,2
"Ninj2",0.785177662935322,0.735008040768265,0.616646625605402,2
"5730455P16Rik.1",0.787558116661023,0.789237649851517,0.597424489900811,2
"Tspan31",0.845511127079543,0.817315732786316,0.610035978841485,2
"Snx25",0.82874125509863,0.82105306753049,0.690644880322169,2
"Noxo1.1",0.816949786190312,0.842966496074688,0.670552584745373,2
"Otub2.2",0.825782017710109,0.820915233972943,0.661511088863767,2
"Zfp91-cntf",0.793659237064804,0.776836700445115,0.66486050103957,2
"LOC667250",0.829939487185247,0.777255930026079,0.675989568567507,2
"H2-DMb2.1",0.625822029056732,0.930394292834343,0.699960597601378,2
"Rufy4",0.625019595027377,0.94413817073843,0.709126674361214,2
"EG630579",0.60323506954252,0.87331060515681,0.689736240616485,2
"Sh3bgrl2",0.609772466111231,0.899644227649759,0.724583970751302,2
"Trio",0.563448733814546,0.905633771520916,0.657055768753464,2
"Aff4",0.527326552949115,0.909008548363573,0.620921671574136,2
"Wasf1",0.487159492488374,0.925729173842261,0.708458362991629,2
"Tk1",0.502058726263405,0.894601313420592,0.702229524475686,2
"Gnaq.2",0.567680728103661,0.940838202995573,0.726621787445034,2
"Il19",0.515890060754886,0.943856791901816,0.729251388223806,2
"Fes",0.528948083678454,0.964397551779443,0.690773247721574,2
"Sntb2.1",0.579487315612736,0.80422712325894,0.7026909023944,2
"C330027C09Rik.1",0.589210635795349,0.796286656286445,0.664154822278255,2
"Gba2",0.610168744440856,0.8160633030552,0.669066900284036,2
"Trat1.1",0.525350559544495,0.817074701016451,0.646609457105677,2
"Dync1li2",0.523428191254099,0.840469667800784,0.697854099175183,2
"Myo1c",0.526676772985772,0.870138475691415,0.666618980849255,2
"2900011O08Rik.1",0.495765045388532,0.880039098041483,0.757767517078289,2
"Dtx3l",0.539188345118033,0.857549001428893,0.772615439888434,2
"Cnksr3",0.511675251498268,0.8692796752723,0.798025686108802,2
"Lif",0.505402930945893,0.807373480942924,0.725957570564376,2
"Lif.3",0.50626540925701,0.820407432233354,0.761435745143063,2
"Lrp8",0.539643918979473,0.796075667399808,0.693793376941627,2
"Actr3b",0.543886379813809,0.778424812439346,0.728855990439846,2
"Cnot2.6",0.667249419136365,0.766176771710233,0.719860186952161,2
"Stat2",0.623500946631915,0.81755935274157,0.70993530028627,2
"Mast2.1",0.645851070110033,0.805983497155377,0.705862971110123,2
"Gsdmdc1",0.647200088336975,0.716401639145424,0.764679219574527,2
"Slc6a13",0.638271042504458,0.73518615027782,0.784160131775579,2
"Terf2.2",0.625605347517767,0.736544090673813,0.769148810039084,2
"Zfp821",0.616220993824447,0.777635096944581,0.740354814216463,2
"Arhgef9",0.619349330350109,0.788888098900738,0.759112648787837,2
"Mod1",0.572209833920349,0.789958193110393,0.77879034997173,2
"Slc22a17",0.581784470357921,0.779590261689556,0.758689155080627,2
"Arsb",0.625484176209409,0.945099487942966,0.813882852991373,2
"Ar",0.619932383160555,0.9331347308775,0.807832954698685,2
"Ddx26b",0.617187800879976,0.930977975850494,0.766272107360131,2
"H2-DMb1",0.640115586924019,0.937090894366747,0.77852762074314,2
"H2-Q7",0.641319861281681,0.926102308670456,0.763979608174972,2
"Clec11a",0.728141092000064,0.893677054032078,0.729908198694129,2
"Sp1",0.678505000674175,0.909586170879576,0.701778998756264,2
"H2-DMb2",0.68677043079536,0.934502065130232,0.730864952920263,2
"Tmem1",0.719732861117925,0.852422752418898,0.781102105978052,2
"Timm44.2",0.696766724061191,0.89063377137444,0.793783737327591,2
"Hexim2.2",0.646214322915558,0.879399460760399,0.793695781019704,2
"Ssh3.1",0.664567153879643,0.855056732210717,0.748763954560261,2
"Polr2d.2",0.659088438093783,0.83933799468038,0.768654726411699,2
"Stat1.1",0.664892393558928,0.84443259415728,0.776912937922588,2
"Fbln1.2",0.640998030199476,0.417019099850462,0.645423928984051,2
"Evi2a.1",0.649085337825684,0.448265295184588,0.7027857422335,2
"Ifnar2.1",0.621610994668264,0.476206306802179,0.705679310622226,2
"Crmp1",0.597856439559538,0.399873135063042,0.762544325895411,2
"Fscn1",0.605670182187525,0.339065027144996,0.77220934807127,2
"Amigo1",0.658399082849479,0.40717084762382,0.776053962432083,2
"Rpl36a",0.665236130352964,0.397123141891699,0.754859601431304,2
"Cdipt",0.635393317813223,0.380540359533251,0.741315726243683,2
"Abca3.2",0.655781243163412,0.346567597029476,0.726010914040772,2
"Maml3",0.722156960886162,0.344864182233446,0.684884501093811,2
"Ifnar2.2",0.664189027586104,0.345148502709971,0.645964802485043,2
"Artn",0.81732221194426,0.320674065721536,0.667233006877896,2
"Fbxo4",0.787547031889412,0.313431190499389,0.752744845285055,2
"Tmem55b",0.895276857312478,0.538695805774874,0.77054513316997,2
"Actr3b.1",0.82066541877094,0.532960649204121,0.765004954513553,2
"Mdfic",0.80138476201517,0.58166506008936,0.751313001107177,2
"D5Ertd579e",0.81532150804529,0.566923192104252,0.798889600786209,2
"Gldc",0.817674389874127,0.582698460676199,0.791498590684156,2
"Gata1.1",0.866330887177488,0.454697850906929,0.667865553791218,2
"Arpc1a.2",0.807729035775215,0.469954648244557,0.673500824183659,2
"Bcr",0.911450124001859,0.574089855465954,0.661707717769752,2
"Lonrf3",0.862949518783278,0.573398397045302,0.639299104798593,2
"Apip.2",0.880445616814128,0.542098108005019,0.649213247095638,2
"Igfbp7.1",0.793427076102543,0.550000596336183,0.675319590517196,2
"D030070L09Rik",0.815260776723847,0.596081123665799,0.697554084383193,2
"Ttc9c.1",0.795265575880952,0.594672534293051,0.677577304260652,2
"Odf2.3",0.700459809782128,0.543656237917741,0.653297425063117,2
"4933428G20Rik",0.727689147819831,0.548962233648597,0.681138565234515,2
"Nol3.4",0.700243952924735,0.525366212848152,0.692334185958481,2
"Mtmr14.2",0.768406817792409,0.495614915909266,0.636491368556086,2
"Pet112l.2",0.738890632981833,0.466569727802751,0.658731729490553,2
"Ldhd.2",0.693353797814979,0.578963242913367,0.733644737368509,2
"H1fx.1",0.682922279744093,0.562970197491986,0.786194624858633,2
"Amfr.1",0.729089514139625,0.561860423748544,0.784628657219983,2
"Aggf1.3",0.745380698423438,0.515435331907497,0.790217067157542,2
"Fcrl1.2",0.740374547180814,0.46663719690328,0.761204757687318,2
"Dmwd.2",0.759094412602667,0.492384493463789,0.761102492240545,2
"Adam15.2",0.710286372785755,0.462815330699317,0.702628186969481,2
"Fgd1",0.694024833293981,0.51335794291626,0.73397524833208,2
"Nat5.1",0.692872987172333,0.4685817846925,0.767803770925591,2
"C030046I01Rik.1",0.707691296269926,0.491499241056243,0.763758963660614,2
"Hnrpa1.1",0.708285414983647,0.611393828885202,0.643529671769466,2
"Aco2",0.749725329587353,0.626842347494682,0.623681871332555,2
"Terf2",0.7447172863854,0.645864522476123,0.659671395613897,2
"Egln2",0.695531040643599,0.720090804868175,0.625117657328196,2
"Mov10",0.735312145865166,0.697429716363675,0.586880035255623,2
"Slc41a2",0.724714277166441,0.660241395749841,0.613819010624112,2
"Tbc1d19",0.728018794462986,0.721195068363434,0.689789820487577,2
"Clcn7",0.686522333725191,0.694692050742157,0.700396986820928,2
"Nampt.1",0.799044034553769,0.710195511246195,0.66879652757219,2
"2810407C02Rik.3",0.781865823915641,0.728147952455539,0.673363718181043,2
"Tgm4",0.751244638409289,0.690687651535443,0.65646825632929,2
"Akr1b8",0.78280153304024,0.675316113859835,0.682402030361105,2
"Ltk",0.905303805147224,0.566088188633478,0.552213390979328,2
"Nuak2",0.845365594585161,0.606220304306587,0.507790499282288,2
"Spast",0.834968168554585,0.544682783787632,0.517803389678947,2
"Aco2.1",0.868689903987396,0.550485711287258,0.505181608867219,2
"Tial1.1",0.761158265928376,0.545906632636378,0.6296161943078,2
"Myt1l.1",0.816783234931493,0.498206624679119,0.61590351665118,2
"Mrpl51.2",0.818191417978518,0.547689743825184,0.623643329158261,2
"Fgfr1op2",0.791294564382069,0.482190195441491,0.580279791364443,2
"Dctn2",0.766456551541193,0.467598519948374,0.596200436040184,2
"Higd1a",0.812465025597249,0.510594070905891,0.533277451579161,2
"Tep1",0.734323391744777,0.532876898545774,0.533110090287136,2
"Dab2.1",0.596090935197224,0.161596940524853,0.513018644188097,2
"Zfp365",0.709008157408317,0.166381613713277,0.650560850334228,2
"Mpp7",0.712731010656071,0.237513506713009,0.334852934256877,2
"Evi2b",0.839625261968858,0.204843683993659,0.462327638724211,2
"Csn2",0.879561073561077,0.201549659308584,0.39632510277208,2
"Prickle1",0.88655860822206,0.211454198852959,0.414437637907701,2
"Fbxo30",0.63806943042962,0.396677527468365,0.547464389834165,2
"Klrk1.1",0.577577420344604,0.340215973126336,0.527155029268483,2
"Slc9a5",0.560312878599002,0.402924801752763,0.563604776991257,2
"Dscr6",0.616284802120726,0.372901672181559,0.371902830951368,2
"Gab1",0.685621872184148,0.459687778794126,0.382076732112522,2
"D17Wsu92e",0.509868266992442,0.427418617183518,0.443075224646234,2
"1700030J22Rik",0.506334943509339,0.504642854093454,0.386216193482955,2
"Cdkn2a.2",0.597164646499011,0.502964509228116,0.385332746999558,2
"Igtp",0.588998116882003,0.505270379249965,0.407908478556753,2
"Hist3h2bb",0.835701413056727,0.476497360694871,0.339746178186891,2
"Tuba1a",0.904595290252146,0.566374842644731,0.385851861026507,2
"Rorc.1",0.822352872366257,0.576884050265767,0.398626915221427,2
"Nampt",0.91271831549527,0.451902771141731,0.504123937089355,2
"Kif15.2",0.878910037468346,0.40417690443081,0.58511358564436,2
"Adcy9",0.866028029075102,0.417193367028955,0.531838754444982,2
"Snupn",0.874109953048215,0.449218741356878,0.543498039919483,2
"Lmf2",0.777507841312889,0.436042510764437,0.475925081555342,2
"Rpain.1",0.854497876818661,0.370262557356867,0.468873926283948,2
"Tal2",0.853078636433879,0.336388888064197,0.496670485120819,2
"2900011O08Rik",0.585200570469684,0.939515587753061,0.468537430277292,2
"Sart3",0.615971221725765,0.852364155208177,0.53309744968102,2
"Dfna5h",0.652590872615385,0.907620013523879,0.498424438608937,2
"Spats1",0.36423244444252,0.852264773012452,0.54568499801735,2
"Capn3.2",0.343261210555352,0.893915375182988,0.521476029804919,2
"Hgfac",0.369136771341022,0.897923001555714,0.478209577603423,2
"Gpr133.1",0.49071176407241,0.881755482394116,0.448979357646354,2
"Cxcl9",0.424008864764247,0.890048338610171,0.435963984198385,2
"EG240327",0.387529761760912,0.913134919094169,0.435231968222072,2
"Ifi44",0.480603687401056,0.722032789643281,0.553750279199366,2
"Pkp4.2",0.507446691182853,0.703949466994081,0.523817153584396,2
"Uhrf1bp1.1",0.530626370382026,0.749506766050688,0.606147345489819,2
"8430426H19Rik.1",0.481354170067941,0.717269569231677,0.618963417321191,2
"Afmid.3",0.483718087767294,0.740719392548609,0.613007333281019,2
"Gas2l1.3",0.468873393254328,0.783144871993726,0.484418504095452,2
"Kcnk6.3",0.431681983849966,0.801918631435707,0.49210257152159,2
"Mta2",0.498240633956652,0.783487975743714,0.45211575524645,2
"Zfp709.3",0.458302262040579,0.767220852719609,0.443536557385203,2
"Oasl1.1",0.535274203956545,0.881271553834562,0.554843108288258,2
"Cc2d2a",0.566310784698881,0.786837613799983,0.558188547605134,2
"Dok1.2",0.578810108492592,0.7909649337936,0.565321692747062,2
"Il28ra.1",0.499336719001096,0.765293695106272,0.314341932110201,2
"Nfatc2.4",0.574186645950241,0.713805703301453,0.263733500457002,2
"EG245297.1",0.649832527564813,0.733609694748318,0.409716782680533,2
"LOC433801.1",0.71212386087056,0.749815555717275,0.395088243765612,2
"AI427515",0.689426344191177,0.81780460400146,0.325903007225986,2
"G6pc2",0.615356094698854,0.83671914532281,0.410425842392927,2
"Cdkn2a.1",0.738958115977614,0.756477242403112,0.555011621008288,2
"Mrpl44",0.757466147241316,0.744084761406626,0.521732307591695,2
"Poli",0.797022143172829,0.827928211621058,0.53112327891392,2
"Treml2",0.79583020082965,0.795004656249539,0.556589648886144,2
"5230400G24Rik.1",0.838396778618466,0.717143283004266,0.425348061485885,2
"Pml.1",0.837733700546051,0.785299047757987,0.49547514661068,2
"Tmem159.1",0.777029011202346,0.804249314807275,0.462382891349083,2
"Elmo2",0.664459700636491,0.700955437096799,0.529584386381743,2
"Indo",0.715945929750116,0.676046848016417,0.529735870502203,2
"Pfkl",0.708808956864447,0.689402240782962,0.475412133976529,2
"Plxnc1",0.727068991061389,0.638212321381407,0.384804042135709,2
"Ift57.1",0.755950093021139,0.605384609902915,0.476597075882798,2
"Serpina3g",0.775354121199518,0.617999817603324,0.43847429453434,2
"2510003E04Rik",0.806769563750825,0.641277342751464,0.43922221147727,2
"Stxbp1",0.560401923324031,0.513437372339971,0.551193624979847,2
"4930451C15Rik",0.473253162074503,0.541901710429366,0.542470170875115,2
"Nelf.1",0.457723092821183,0.486694132968938,0.529201262372495,2
"Bbs12.1",0.510294294273992,0.434645215947651,0.673243113957469,2
"Cdkl2.3",0.556007894113625,0.532935432872963,0.675128537012302,2
"Fert2",0.512641948180695,0.531463923178533,0.639915381458352,2
"Snx26",0.501672228455957,0.510221669692767,0.616352904223378,2
"Acoxl",0.309744662305167,0.620231922052106,0.570307818575417,2
"Rad51l3.3",0.395217232520337,0.562008158794592,0.65590061275646,2
"Ophn1",0.420942180077779,0.582155987304504,0.605095081236212,2
"Tmprss6",0.384087910080289,0.591328246023134,0.610124786007564,2
"Zfp609.1",0.399830394145609,0.598357394984664,0.627574331176448,2
"4932418E24Rik",0.467793596165043,0.630906967541021,0.579705467791891,2
"Centa1.2",0.391418489001776,0.645066300239693,0.523171267812308,2
"Myo1c.1",0.411230302724998,0.588809409857505,0.539004192162038,2
"Plekhg3",0.412255721574596,0.662963979075207,0.459968521084431,2
"2610524H06Rik",0.511679661866243,0.625971203877186,0.500966496405659,2
"Tcea3",0.529578427446089,0.615387083737712,0.487770600730424,2
"Rps25",0.31107494365833,0.496550113324789,0.342702064448759,2
"Stoml1.2",0.286260944906539,0.476311378537185,0.294829620983584,2
"Olfml3",0.33833099229158,0.321286479706881,0.300580945224333,2
"Adar",0.415008695425294,0.353912766912967,0.353462984366297,2
"Tmtc2",0.37631362030947,0.366194450921081,0.311122114052523,2
"Ube2q1",0.540443612462958,0.581472725740679,0.306925508802687,2
"Selp",0.617034691099261,0.492801029961581,0.231548378534586,2
"Pfkfb3",0.559009439937023,0.466880995056185,0.253912944901963,2
"Eef1d",0.581584660096345,0.374878388094901,0.212338604358709,2
"Tmem158",0.551720290573394,0.270737416155294,0.234077271491352,2
"Med28",0.489903669652951,0.373418740632839,0.313424290689926,2
"9530096D07Rik",0.439606500938337,0.37939043858915,0.239207071221499,2
"4933407P14Rik.1",0.457270254952349,0.312376369538941,0.220984353767388,2
"Akr1c18",0.295471081735937,0.289749815304744,0.99789211372026,1
"Muc13",0.242063259095336,0.300398803316231,0.972281740740848,1
"Il18r1",0.262901131828714,0.295651768440656,0.996627535752621,1
"Hspa1b",0.245104432791635,0.344738596739027,0.915545469508812,1
"Mitd1",0.301567285994061,0.302216705538778,0.940127809137571,1
"Adprhl1",0.274328501881788,0.309945894875981,0.909247516154895,1
"Rnf213",0.352577234309436,0.36747304073865,0.958547843481833,1
"D14Ertd668e.1",0.333325719348529,0.365548863419097,0.982818439518636,1
"Rps6ka5",0.310555427047823,0.250365773714891,0.953970843341515,1
"Prkcdbp",0.350023929329868,0.311016570319357,0.924397935842256,1
"St3gal1.1",0.347903427528884,0.290914123541331,0.97638979541588,1
"Gstt1",0.0878930211961148,0.458635188831727,0.864358507877066,1
"Ntrk3.1",0.077779111608119,0.415211591694323,0.884425024800891,1
"Ifnar2",0.172263783970479,0.372240510756587,0.833064511553156,1
"2010001M09Rik",0.227113363626163,0.306034025204743,0.767854151304606,1
"Mef2c.1",0.239863220044745,0.35915076462723,0.795968561470343,1
"Casp4",0.240803712005132,0.331348839639838,0.792899922996346,1
"5730469M10Rik",0.193579313029215,0.328539699152051,0.958795522642679,1
"Trim34.1",0.174664976825571,0.323341997619942,0.930197162061025,1
"Trim34",0.173339935826537,0.343616046712232,0.936635750131861,1
"Slfn1",0.17270481828164,0.340152146515658,0.930415067660927,1
"Creb5",0.184550784925971,0.294695519574624,0.896527535166809,1
"Rasl12",0.115454381989177,0.30352556570335,0.911104389589289,1
"Gm962",0.130752508667546,0.337275367429806,0.892292478328153,1
"Phtf1",0.157668003307961,0.215796159417794,0.833689864841289,1
"Ifi203",0.0844569811982318,0.263269618638044,0.836594319663555,1
"Pip5k1b",0.093382922904101,0.30614093936829,0.86104712106328,1
"Hisppd2a",0.0638919963154746,0.286399805675889,0.87115295764256,1
"Myst2",0.481451624551739,0.326986273209204,0.675167348933351,1
"Hps6",0.489237280891362,0.393836864356103,0.597026135182819,1
"Golga2",0.427926143047573,0.387441076109293,0.647451531369036,1
"Pik3ca",0.425846743503249,0.376690741905624,0.605681216995465,1
"Coq2",0.352699453907537,0.288555383789696,0.635007974543114,1
"8430415E04Rik",0.338160898018703,0.411378824000059,0.630282255229404,1
"Ociad2.2",0.362905008681743,0.363610121965504,0.664603401867874,1
"Mtrf1",0.43242584483272,0.377987140604357,0.707560591237217,1
"1110067D22Rik",0.416502734498633,0.390617909202711,0.740083833564886,1
"Ifitm1",0.377770987896488,0.464335205812034,0.723818515394388,1
"Rnf138.2",0.34083848847473,0.437498007332124,0.736248266778209,1
"Raet1b.1",0.284893372436961,0.385979263852785,0.718903848964254,1
"Hspb1",0.239196185444954,0.364678143795563,0.696844710489164,1
"Ankfy1",0.28462314116077,0.402131647484716,0.797547230402521,1
"Epas1.1",0.331871437711716,0.308685323456016,0.79835528457007,1
"St7.1",0.35672943972953,0.354416980350141,0.736461634721964,1
"H2-T24",0.000131176336528717,0.356791562841284,0.618675691363122,1
"2610208M17Rik",0.0470597078047227,0.272005103357377,0.627678869850562,1
"Gng7.2",0.0742980791351641,0.255237687546269,0.65736397922812,1
"Slc10a4",0.116579332893363,0.212379542438513,0.510141735854463,1
"Ctss",0.132488027537981,0.251067157003515,0.46975771507935,1
"Myom1",0.136190042530485,0.364950854567802,0.601544067878582,1
"Tap1",0.1809045050226,0.300327041097202,0.619978921197358,1
"Cdc42ep4",0.0847929824119943,0.504104003730768,0.657063607041347,1
"Il18rap",0.198095827653028,0.518449039566141,0.563107200331775,1
"Tpm3.3",0.149349412736256,0.526507558045489,0.581431529749691,1
"Gpihbp1",0.219430070141554,0.400612909275797,0.467608453260103,1
"2810439F02Rik",0.303124088416756,0.49141868792882,0.596631763299506,1
"Msc",0.219353055268799,0.453780775126702,0.553421118566122,1
"Tmem140",0.265602095354673,0.450776429692097,0.555725743731792,1
"Sobp",0.0999130121426536,0.10417454017103,0.962034637100052,1
"Tiam1",0.106694446603359,0.0664599604952694,0.985290311149868,1
"Znfx1",-0.0213430632701589,0.0595696666899918,0.962863997501965,1
"St3gal1",0.000924743621799759,0.100041863329656,0.95038469050761,1
"1700027D21Rik",0.0540726147984637,0.0923077733230547,0.967737652924145,1
"Nts",0.0464842852888543,0.0593925021144899,0.996487343627067,1
"Ifit2.1",0.0348767661813113,0.0382719303937128,0.981958294776486,1
"Bcar1",0.214983769185084,0.134168312159287,0.955662406258196,1
"Sobp.1",0.187438932381762,0.162923072023663,0.993132616728882,1
"E030049G20Rik.1",0.0885988418795014,0.161988670904649,0.968344666318048,1
"Eomes",0.093233838339147,0.210412037457911,0.981219222136373,1
"Gap43",0.100606831722555,0.197077343943586,0.97726879932794,1
"Il18",0.100888539641532,0.199124237158547,0.966107391054986,1
"Gtf3c2",0.124015270655634,0.23192101140952,0.92880140131758,1
"BC094916.1",0.169462323731957,0.25713520208596,0.993787951743178,1
"Rbpj",0.137661066914333,0.199156189153636,0.697509999437265,1
"Ralgds",0.254501202949523,0.197320306486907,0.740303164265688,1
"Irak2",0.226383198509684,0.263729275991678,0.832389409766569,1
"Spcs2",0.278986374723471,0.237297020946014,0.789866569894536,1
"Msr2",0.246881011229285,0.244716164671232,0.800891939940726,1
"Tarbp2",0.194222044576364,0.0339748485410767,0.849364626278385,1
"Mapk12.1",0.154123670457446,0.055039360821644,0.888885212562327,1
"Kel",0.253241362349356,-0.0360547715369507,0.919677523141498,1
"Krt18",0.258972774241822,0.0475653846033172,0.953424990033773,1
"Ripk4.1",0.255656282999368,0.0200569136812506,0.937623717202989,1
"Ripk4",0.152386872255449,-0.106462565500856,0.90120039199368,1
"Psme4",0.140433056368679,-0.0389858704142112,0.864889870481204,1
"Adc",0.203586367134412,-0.0812988812401615,0.811891353273647,1
"AI842396",0.245849077602188,0.000375921168114825,0.84692160287044,1
"Fmnl2",0.258273479012501,-0.0508640406958833,0.825349868554588,1
"Piga",0.419247598361884,-0.0279741475975006,0.859213436536667,1
"Rasgrp4",0.604756952505322,0.0933524805572811,0.822608486989551,1
"Dusp14",0.511711892372631,0.138911632526402,0.696762593032748,1
"St6galnac2",0.550129546848151,0.0868319552291782,0.651995182940023,1
"Stard10",0.476297531566906,0.319650521787387,0.905149556586974,1
"Ccl17",0.500975248716294,0.366023922013912,0.882010267146177,1
"Dnajb5",0.530023341194929,0.312646500444083,0.810259113686514,1
"Slc22a21",0.564950823687771,0.243812190157232,0.862722994582113,1
"Rpusd4",0.546135719663117,0.281144114666632,0.841808346569202,1
"Cdkl2.1",0.437096697288173,0.173399001120049,0.735127540097804,1
"Leprel2",0.44372346761855,0.303708735531139,0.790333587715296,1
"Setdb2",0.398138213561842,0.285286113998145,0.806480275489653,1
"Ltbp3",0.413430020501373,0.310707204925965,0.806671025238988,1
"C730027P07Rik",0.472720814992535,0.204073947958383,0.905309792686815,1
"Smpdl3b",0.341166820356524,0.167887681452699,0.949084481038896,1
"Arhgef9.1",0.313747478415849,0.16981382155458,0.888215481254077,1
"Centg2",0.2782082323343,0.00440226271024535,0.706764564016219,1
"Ltbp1.4",0.179794517976995,-0.0675294872586993,0.617152812978691,1
"Fcrls",0.202188299987281,0.101906828960276,0.640356042932561,1
"Stard8.1",0.182202629851085,0.0777746909903861,0.569962115237418,1
"Grp",0.119314844211561,0.0764813928023754,0.705544252062228,1
"Bcl2l14.1",0.100798039566208,-0.0382631417998381,0.676509604550868,1
"Tcfap2c.2",0.0610130064475009,0.0186926162357039,0.65478565624491,1
"Tars2",0.375030785424012,-0.0987972661450093,0.646291515047637,1
"Slc2a8",0.405723866360299,-0.20785499658773,0.618851769833501,1
"Nqo2.1",0.344939238811334,0.145296502378396,0.599914635571991,1
"C1qtnf1",0.395723475299026,0.110416594164177,0.453615787062705,1
"Sco1.1",0.315809146101047,0.0612533583370664,0.517036449491725,1
"Oas1a",0.167560547531108,0.167823351125926,0.226259681266136,1
"Mtap6.2",0.249397571250295,0.166439066430313,0.250273928802059,1
"Mest.2",0.229454959120663,0.165526447967461,0.371993119161129,1
"Gbp5.1",0.316393793144361,0.121582099399939,0.37522984578552,1
"Cd93",0.244243715725625,0.367192445666931,0.0813551674182124,1
"Pkp4.1",0.187030677040009,0.430015130670933,0.181061295129818,1
"4833439L19Rik.2",0.152838212345361,0.378390261240658,0.202515075076344,1
"En2",0.127324745316501,0.264018828803234,0.0440688114758271,1
"Mmp17",-0.028796647314667,0.300160906063904,0.168446568849958,1
"OTTMUSG00000017866",0.0369434255027958,0.218341306703141,0.132507444900121,1
"Mtap6",0.178661904461935,-0.204191521398501,0.219674016655455,1
"Klk4",0.312868010214499,-0.118634449552617,0.0983369467656688,1
"Asprv1",0.40128200650188,-0.352638902395181,0.228151395101805,1
"Amotl1.1",0.490168637075982,-0.368740948547649,0.273995308874527,1
"Duxbl",0.511275445518132,-0.168662838852391,0.213975053198216,1
"Olfr1330",0.40769773293744,-0.163165449371886,0.228735777667836,1
"H28",0.399295058176385,-0.225850478592211,0.23055376347838,1
"Slc30a4",0.410185450897464,0.290345577398545,0.124962455952263,1
"Tmem106a",0.388209830710523,0.139666426059004,0.218167029977236,1
"Ifih1",0.442705768717016,0.147059069960656,0.199605297899743,1
"Dnajc11.2",0.563448789906583,0.17669764967637,0.0473131810348835,1
"Cnrip1",0.340045251174373,0.112772841357821,0.026030401993209,1
"Echdc3",0.440336725892407,0.0273481081358873,0.105225017647009,1
"Cdkl3",0.590002393601301,-0.0287479553546285,0.261323606973011,1
"Oasl2.1",0.526046157020661,-0.025693907324391,0.298472103059902,1
"6820408C15Rik",0.491601915647407,0.0521292665644337,0.344203255917676,1
"C76566.3",0.456802839988807,0.181717285062502,0.37948945262573,1
"Mier1",-0.0326922845827951,0.226896083831735,0.747183943910261,7
"1110049B09Rik",-0.0270785070509131,0.267715437179469,0.864787796540029,7
"Csprs",-0.100637360298932,0.304668600137999,0.863435764373836,7
"Gbp5",-0.0915433716316623,0.413041796113859,0.654837287426421,7
"Hsh2d",-0.124087867184597,0.354011810773131,0.629397021150844,7
"Rgs1.2",-0.13666323684862,0.365479377560202,0.640693437016204,7
"Marcks",-0.198171215818142,0.449651790852845,0.677269568530848,7
"Ifng",-0.216127559108608,0.329145230882546,0.706287442973313,7
"Ifng.1",-0.228916694089382,0.367991205376945,0.730188450728832,7
"Hspa1a.1",-0.26265343107025,0.275428322717254,0.591232626557181,7
"Gbp1",-0.287069072044078,0.231823740793192,0.75208683860599,7
"Ikzf5.1",-0.341595084616533,0.345042981452325,0.388637021884317,7
"Sp6.2",-0.229346960165701,0.321331624454715,0.306910966816389,7
"Nt5c3",-0.311996939100219,0.363890917203124,0.293586362818619,7
"Zbp1",-0.264841770030325,0.219667611040047,0.381635014845697,7
"Dppa4.2",-0.346633767592257,0.148515670700848,0.2753399281427,7
"Dock3",0.0510748953167234,0.434513301473138,0.286947865249052,7
"Mx1",-0.0590881459702781,0.397547492642451,0.319663567056544,7
"Usp18.1",-0.10901715099477,0.461098730892891,0.270969122798558,7
"Dclk1",-0.0834700816090546,0.319990006127889,0.491458729532938,7
"Rgs1.1",-0.0475810230646326,0.498419138939714,0.474880299451059,7
"Gm414.1",-0.0533617575989871,0.500961094584052,0.515516149869272,7
"Adar.3",0.0516024637962465,0.476941742316753,0.442995655047918,7
"Nelf",0.0315798986901508,0.40545743109986,0.486837847491124,7
"Muc13.1",0.0348556983497695,0.451145573618688,0.497498485594557,7
"Tspan6",-0.225743391602241,0.422860882156984,0.49705806187337,7
"Zfp667",-0.343060208009484,0.458769270663086,0.467979329559155,7
"Frg1",-0.338500172223665,0.596988342183723,0.335220251109503,7
"Pik3ap1",-0.172503795840847,0.611694567133761,0.394423530392305,7
"Tmem35",-0.180406390012602,0.550239959455373,0.264521666744942,7
"Usp18",-0.256068780165727,0.592884731752255,0.290865202539062,7
"Trim25",0.238360699637882,0.901749230483465,0.170385422285068,3
"Nbl1.1",0.257240906878936,0.959636370948662,0.37823179885981,3
"Il8rb",0.271277451011877,0.924222536298562,0.406802772084391,3
"Ffar2",0.312125622990097,0.913562887669075,0.396558393072826,3
"Ly6c1",0.184138681600437,0.961878968333019,0.281614074764493,3
"Prdm1.1",0.171281779338672,0.927153505937379,0.340915847901424,3
"Il12rb2",0.184867302902062,0.878964994035283,0.305692364295496,3
"Ulbp1",0.404307112033848,0.761115077740173,0.377912425945162,3
"Ica1",0.329540362088536,0.730836915614364,0.363669168086056,3
"Adar.2",0.342241461703851,0.680670816153822,0.282983479791412,3
"Stoml1",0.385388782707329,0.613422865055467,0.316916543702528,3
"Tmem132a",0.409375282476588,0.672397276726307,0.372783420241424,3
"Dppa2",0.358672601829949,0.629716149263442,0.387691781799369,3
"Serpina3f",0.0994340432853614,0.569190942806171,0.326910775705295,3
"1110037F02Rik.1",0.142566942035367,0.611773769605172,0.289583157039205,3
"Cacna2d3",0.0927973298653537,0.638314463025809,0.327695656551317,3
"Aqp1",0.171118462797258,0.725208456440001,0.22194183195471,3
"H2-T23",0.0530768989485061,0.700329214767496,0.328035715461559,3
"Ly6f",0.10985883061332,0.715583587106349,0.328883798243065,3
"Rap2ip",0.141798597062082,0.727311950047461,0.292980341430648,3
"Igf2bp2",-0.00804602264063264,0.645177103365538,0.50925506603289,3
"Tdrd7",-0.0973411950328406,0.784866242727719,0.470820635302174,3
"Aqp9",-0.0705233158772704,0.72096194847022,0.552555917341206,3
"Tbx21",0.0116815468833516,0.614697070131625,0.755826242681258,3
"Tspan6.1",-0.081720292043169,0.551472927655462,0.743936042148521,3
"Rgs1",-0.0782537428121459,0.499468543387909,0.633524966025838,3
"Nrgn",-0.0305841911671394,0.538379120767984,0.577069222169121,3
"Cnksr1",-0.0243341764141808,0.58223008694229,0.571353492072939,3
"2610204K14Rik",0.309112565059263,0.697162510151576,0.811755576756632,3
"Dnajb13",0.299353130604826,0.606927908965359,0.80813623903782,3
"B430306N03Rik",0.363035842457585,0.616145685950294,0.801649047278807,3
"Col5a1",0.359901251208143,0.626766075228908,0.789788616402729,3
"Ms4a6b",0.237329368124849,0.553784243175868,0.681542275873361,3
"Muc1.3",0.191315643260232,0.484152539270946,0.779065827239889,3
"Phf11",0.101509941989249,0.586076912477573,0.848585991316314,3
"Phf11.2",0.0978397695910232,0.606494138548101,0.832344054852767,3
"Ccr4",0.236070592732494,0.638164404073027,0.833291022321135,3
"C2",0.203815975843566,0.610968670734768,0.788916185352266,3
"Pld4",0.182180073455603,0.601369211067141,0.825879926688248,3
"Casp1",0.213399601021294,0.741019971139188,0.741767364865199,3
"H2-T10.1",0.124094661294793,0.734182075430486,0.645251694371028,3
"Sco1",0.117308102853396,0.653357425523278,0.644884186773213,3
"Id1",0.0584380367537088,0.659016093490848,0.654944856399228,3
"Tmem50b.1",0.267968276419515,0.809744498449709,0.478659902920098,3
"Tmem50b",0.269004075819497,0.761670227900362,0.444092558695099,3
"Oasl1.2",0.276486399932157,0.76439715554221,0.482113234817383,3
"Llgl1",0.179400014108985,0.660978162340018,0.490165549144133,3
"Pdia2",0.145296450255883,0.630560934710898,0.575234580006685,3
"Piwil4",0.223921693777599,0.648664702543137,0.559022839327115,3
"Ifitm3",0.32968225004731,0.899203820113149,0.687405939273451,3
"4930539E08Rik",0.171400108746844,0.834009595148105,0.606041626329109,3
"Lrrk1.1",0.202055806280205,0.857841101828929,0.553928684112002,3
"Ntrk3",0.269823583535876,0.910483281111829,0.573216621579992,3
"Oasl1",0.259993697110347,0.821026626084835,0.569483136943611,3
"Rffl.2",0.27011002433065,0.85401431532008,0.536380613654902,3
"Sema3f.2",0.33825681964415,0.698953130714135,0.706286463636288,3
"Hormad2",0.360823143636949,0.659739309536777,0.644647796576823,3
"Myst4",0.290969629381914,0.750500755499638,0.636989529757527,3
"Sfxn3",0.28926824956542,0.706168223056975,0.633469192473679,3
"Sh3bp5",0.318650733782009,0.782792455211432,0.575010918699125,3
"Ang",0.330713785513037,0.804055358647961,0.625009095203124,3
"Stat1",0.41233050422571,0.839268304549278,0.688481356102623,3
"Dapk2",0.416094868198486,0.766794203089147,0.683970317180092,3
"Tapbpl.2",0.478999550352159,0.774926919446384,0.701486556435806,3
"Pard6g",0.355780368196173,0.784683049451003,0.768831991669059,3
"Tnfsf10",0.332264883587713,0.794285757171831,0.753404784194332,3
"Tmem184b",0.354663377613486,0.826916873445711,0.73039610924169,3
"V1rg11",0.339413614967434,0.803362193427849,0.709232288739286,3
"Bzrap1",0.399148576326232,0.840928405306592,0.809964840864909,3
"Gpr114",0.355218302211909,0.801252740489154,0.816833004340951,3
"Epm2aip1.4",0.353382104302726,0.777562193991651,0.814707918915698,3
"Fbxl10.7",-0.243164754375733,-0.126336968196203,-0.299203228081969,9
"Car14",-0.289443573811673,-0.010895128960521,-0.125433401574788,9
"Tanc2.1",-0.18339573166779,-0.0833165635182029,-0.129394827698706,9
"Nkx2-6",-0.0311139577316443,-0.206933738492555,0.00954938449545012,9
"Hydin",0.00966598190382024,-0.233637259975847,0.0880385293432722,9
"OTTMUSG00000005737",-0.0234173551587788,-0.00858781318828301,-0.0431153095223258,9
"Ube2l6",-0.069223094488747,0.0576339199660379,0.115748270658246,9
"C030045D06Rik.2",0.0138531326750941,0.0208502053033644,0.122932341689927,9
"AI451617",-0.392375538584564,-0.499711828737178,0.0193423403945228,9
"P2ry14.1",-0.295150413851061,-0.471442978287829,-0.133687126626998,9
"Ifi202b.1",-0.740325889534475,-0.097673376939221,0.0433584422071532,9
"Ifi44.1",-0.511999914810621,-0.146838667860406,-0.00664194902550595,9
"Efna5",-0.783064957672897,-0.778413006571737,0.907834693037829,5
"Gldc.1",-0.632093893648424,-0.670665958990264,0.535248380840176,5
"EG545758",-0.404463192485304,-0.491546023227945,0.576808261543618,5
"Oas1g",-0.271392229253407,-0.436943216732327,0.546928266640207,5
"Mapk12.2",-0.27484324708263,-0.513334075835392,0.624296299586509,5
"Dnajc5b",-0.247153536083725,-0.382561168808899,0.735827666669794,5
"Emr1.2",-0.187241283940189,-0.348948329138914,0.748746248528532,5
"Atp10a",-0.156599018467723,-0.395040279955542,0.851359108630279,5
"Lyrm1",-0.214581675420425,-0.433852225472247,0.895733028804242,5
"Slc7a8.1",-0.392236259690011,-0.363170496740162,0.792005295816973,5
"Parp12",-0.475497934280283,-0.411672674374667,0.867009443936622,5
"Rtp4",-0.45751908798899,-0.34542157920936,0.859738852673488,5
"D330045A20Rik.1",-0.476480089592689,-0.450803183574773,0.994293350376052,5
"Sln",-0.387680213477989,-0.415928915330193,0.999080953694674,5
"Tlr7",-0.289805045817244,-0.395879886540948,0.911230787246402,5
"Ifit3.1",-0.327202470099766,-0.491858237365155,0.949459824555744,5
"Daxx",-0.578441914792102,-0.513037116453162,0.814019570369047,5
"Nkg7",-0.635212500806136,-0.575536264824102,0.882642085117853,5
"Sox5.1",-0.531102715665372,-0.597826604564902,0.89420224838291,5
"Rsad2",-0.575168596934895,-0.405668619501358,0.895619879176232,5
"Ms4a6d.1",-0.600028008678036,-0.266222775891322,0.895068616559525,5
"Gata3",-0.599089749872321,-0.309757530919945,0.871322936861719,5
"Ifi35",-0.295651084541327,-0.0897413803059615,0.672197384168548,6
"Kctd6",-0.22789993864077,0.0549101552322497,0.716729154926191,6
"Ube2q2",-0.212984562673538,0.0175504759832178,0.729101176727345,6
"Epas1",-0.196705345263375,0.00660813169807954,0.694930599467406,6
"Slc7a14.1",-0.428183059671013,-0.0154658496909212,0.512843699760117,6
"Klrk1.3",-0.36234835699586,0.14329371619877,0.543704935548087,6
"Oas1g.3",-0.4809075792425,-0.28334297502252,0.549856765011536,6
"BC011487",-0.527071091637578,-0.286778831021134,0.699155540716677,6
"Slc30a10.2",-0.540703248880419,-0.194991230364662,0.695248924314193,6
"Ms4a6d",-0.626605182806743,-0.159672522758747,0.498687191168621,6
"Prss35",-0.438432741073609,-0.179865192150996,0.334049255915849,6
"Lgals3bp",-0.31579463830816,-0.157119993456005,0.83964341037981,6
"Gcnt1",-0.456360730936876,-0.187614669177926,0.842024032749015,6
"Ifit3",-0.440572185697265,-0.137542705037901,0.894727299911201,6
"Antxr1",-0.185588409717637,-0.19720120297341,0.721521430407531,6
"Rdh10",-0.207622263406525,-0.194073853212533,0.821341228228229,6
"Rnf128.1",-0.207392696468135,-0.0425635805958073,0.875152188998489,6
"Irf7",-0.279631677604772,-0.0595308610073516,0.848080026293465,6
"Emr1",-0.22270256312337,-0.167095083207481,0.963332346474381,6
"Ddx60",-0.195677937563647,-0.0943866664683635,0.956262618043938,6
"Hspa1a",-0.223203308608164,-0.0740895961677327,0.921841999106613,6
"Gstm1",0.161163118017334,-0.199974041773614,0.886126248592476,6
"Ifit2",-0.0785345304706608,-0.310262430815084,0.898378964754461,6
"Clpx",-0.0179098615864978,-0.246364350870875,0.949598687371817,6
"Hspa1b.1",-0.0432580806601803,0.0390973103921182,0.787037876125866,6
"Lysmd2",-0.123403895750782,0.0383586137792047,0.693924993281966,6
"Sema4b",-0.0670141217230639,0.0645290561768989,0.680831286718967,6
"Chat",-0.00572696983970527,-0.0769984272123216,0.685875076697339,6
"Gcnt1.2",-0.0172117674303883,-0.178574124294627,0.758835789182653,6
"BC094916",-0.0998912618159385,-0.0449213837898742,0.99203733286014,6
"Emr1.1",-0.159029238382279,-0.0631588896126025,0.985562889382367,6
"D330045A20Rik",-0.0235111325776581,-0.0215990811146254,0.997556521902761,6
"Nrp2.3",-0.0101136755341994,-0.00628973398465195,0.973463426046354,6
"Timd2",0.0419578816229211,-0.133254221352958,0.976984030517812,6
"Oas2",0.00626323745189945,-0.0912826054923235,0.90677516880133,6
"Il12a",-0.115253166894553,-0.022098632277911,0.85878494002903,6
"Gbp6.1",-0.0788548930937674,-0.0332084096166645,0.813669761993523,6
"Spcs3",-0.0422226372457571,-0.0756970486072171,0.838130209964386,6
"Dcun1d3",-0.0644337047092382,-0.0416732247737327,0.901485102107537,6
"9930111J21Rik",-0.0434865501800384,-0.0184615541233549,0.855369455382424,6
"Cxcl10",-0.045906592147984,0.0336990959741534,0.893650866083199,6
"Myom1.1",-0.0141902515841671,0.0458999667793908,0.871413497724815,6
"Nqo2.2",-0.00652763375640576,0.0640296108795647,0.903011670281855,6
"Nqo2",0.0652174903695252,-0.0069581201761017,0.865678501355905,6
"Tcf3",0.018078021442031,-0.0206992044838784,0.833717717901707,6
"Gorasp1",0.0219684391097526,0.11759576583291,0.867220216442157,6
"Psme2",-0.0347846807160815,0.14326822372345,0.828677309267844,6
"P2ry14",-0.117557131735713,0.0581024960026888,0.968391070378049,6
"P2ry14.2",-0.116743015113941,0.0857779986546271,0.965108136124012,6
"BC006779",-0.154394540970383,0.109317835612288,0.889573172034323,6
"Snx10",-0.0757641829123426,0.153026726817357,0.915343065905491,6
"Mtmr11.1",-0.0791543458691471,-0.401105316206288,0.527769584080421,6
"Il5",0.102325894247606,-0.220130254272765,0.584741238770719,6
"Ltbp1",0.169308152164484,-0.396635046158749,0.534493822349422,6
"Etv1.1",0.215241546233103,-0.381106283820788,0.582337026232302,6
"Ghrh",0.157350967890542,-0.407155592062885,0.665383717177016,6
"EG331493.1",0.123576975170247,-0.339703657304403,0.646561030644899,6
"Zbp1.1",-0.0923466597806207,-0.17042122110788,0.251949930009131,6
"Oaz3",-0.237506906081286,-0.328306432635602,0.32397514376169,6
"Csf1",-0.24791903574231,-0.141974338122104,0.365189788991957,6
"Cd40.1",-0.0381231275295889,-0.0643702403782555,0.507271761026135,6
"D14Ertd668e",0.00606310934878743,0.038509495426725,0.555321608568821,6
"Apoc4",0.0851044028507755,-0.0492800050876056,0.545902012211688,6
"Fbxo28",-0.015959967830525,0.109567975079665,0.33540677273251,6
"Nrap",-0.119023163425604,0.129075328789625,0.490887437526626,6
"Olfr571",-0.387675885587708,0.187498218700261,-0.80167109524452,8
"Gm1574.2",-0.882815965891232,0.436783617404342,-0.52295073136249,8
"Plac8",-0.371145155349045,0.995470544355341,-0.367602127860609,8
"Ccr5.1",-0.551790557819013,0.885886596180826,-0.259490037344005,8
"Ccr5",-0.519345499111861,0.863263376467353,-0.479848180463055,8
"Ly6a",-0.57365293874758,0.958392422612212,-0.461876557107309,8
"Ifi202b",-0.473279257632339,0.555945588713775,-0.498866342963429,8
"Trim30",-0.202767699961356,0.849458939861343,-0.562066862422282,8
"Galnt3",-0.310535357064842,0.27033862991329,-0.146265416986824,8
"Bst2",-0.461570442881251,0.379469104070177,-0.166278551252684,8
"Samd3.1",-0.27867057681158,0.240446906263897,-0.400116565368299,8
"EG547109",-0.0904457284960093,0.42311100214567,-0.226878553437123,8
"LOC225594",-0.5495553477204,0.612376156699382,0.0643779162794584,8
"LOC626578",-0.5210333442291,0.446080696565136,-0.0143237963097781,8
"Amica1",-0.613969717611001,0.442469107503948,0.0812394038356212,8
"Sp6.1",-0.0955035087702669,0.586798012183868,0.0533166059725095,8
"Hopx",-0.173751737912976,0.461187366448535,0.0419328094874027,8
"Cyp2b13",-0.21009203620717,0.450378185460971,0.124074734351891,8
"Ccr5.2",-0.411353527933233,0.84581917357316,-0.0419369796512641,8
"LOC435565",-0.408112270665068,0.794049653732111,-0.160281191127702,8
"Hap1.2",-0.121701801519946,0.645275541032613,-0.161806219562,8
"Insl5",-0.190069686067595,0.728722881880663,-0.236490891855721,8
"Slc38a3",-0.131631796737823,0.722501214138684,-0.25393818710488,8
"Abcg2",0.559037860860741,-0.53575440352862,-0.241415157470909,10
"Isoc1",0.847240036231799,-0.249000632170385,-0.0824866487839375,10
"Speer2.1",0.581839855624786,-0.223218696994353,0.00527811555655382,10
"Tctex1d1.1",0.0845206753480332,-0.550218398974566,-0.298476914153249,10
"Ikzf3",0.215837223016087,-0.541315495872375,0.0820386997764848,10
"Esr1.1",0.439913081503469,-0.452769875541296,0.0191385895147056,10
"A730011L01Rik",0.0855020693575402,-0.0146517763549117,-0.223485784119556,4
"Pax1",0.162253246517999,-0.154188145253544,-0.21524816415925,4
"Oasl2",0.16790612134995,-0.197767356671097,-0.322461523933533,4
"Psd3",0.112048837182691,0.198545822583915,-0.620012841778711,4
"Cep250.1",0.133246098722738,0.218618906543117,-0.59843661707712,4
"Maf",0.328025139371556,0.2749380064909,-0.362179013555531,4
"Anxa1",0.42230905946483,0.157734433024546,-0.561312528168727,4
"Ttll11",0.29828597767571,0.259599732080175,-0.537672311529517,4
"Enpp5",0.202314807171675,0.675390030272213,-0.460681484060526,4
"Bcdo2",0.25568836442194,0.400220358382576,-0.264519879032574,4
"Nrp1",0.109928400705837,0.376410800035033,-0.193474250634442,4
"Nrp1.1",0.162760775731202,0.368925968976184,-0.167519176280769,4
"Fgl2",0.304392205875257,0.676521072987715,-0.0326970478791744,4
"Zfp652",0.369071301796374,0.638657887411674,0.180120069948134,4
"Bcl9.1",0.331467150745844,0.611728675915383,0.0904622191379511,4
"Csrp3",0.424425791762624,0.495875393455599,0.0523265333078368,4
"Ccdc88a",0.367975482056279,0.436560284777495,0.121226823471862,4
"Oas3.1",0.415752240257589,0.38530451305067,-0.00921473942377686,4
"2610109H07Rik",0.483192439161424,0.257276590892648,0.0192754207239038,4
"Pik3ap1.1",0.488951107927255,0.323211155594657,-0.036878358108142,4
"Mtap6.3",0.601425027844662,0.507120429578346,-0.156424695781102,4
"Zfp2",0.699112288252802,0.495719222206155,0.038851909171341,4
"Ift74.1",0.566431655482818,0.599126357953649,-0.00566184354089519,4
